{
    "parent": "./oak_door.json",
    "gui_light": "front",
	"display": {
		"thirdperson_righthand": {
			"rotation": [45, 135, 0],
			"translation": [3.51, 11, -2]
		},
		"thirdperson_lefthand": {
			"rotation": [45, 135, 0],
			"translation": [13.51, 3, 5]
		},
		"firstperson_righthand": {
			"rotation": [0, 180, -5],
			"translation": [-17.5, 0, -25],
			"scale": [2, 2, 2]
		},
		"firstperson_lefthand": {
			"rotation": [0, 180, -5],
			"translation": [14.25, 2.9, -25],
			"scale": [2, 2, 2]
		}
	}
}