{
    "parent": "minecraft:item/handheld",
    "textures": {
        "layer0": "pintcraft:item/the_masamune"
    },
	"display": {
		"thirdperson_righthand": {
			"rotation": [ 18, 90, 0 ],
			"translation": [ 0.00, 14.50, -7.00 ],
			"scale": [ 2.00, 2.00, 1.00 ]
		},
		"thirdperson_lefthand": {
			"rotation": [ 18, 270, 358 ],
			"translation": [ 0.00, 14.50, -7.00 ],
			"scale": [ 2.00, 2.00, 1.00 ]
		},
		"firstperson_righthand": {
			"rotation": [ 148, 70, 226 ],
			"translation": [ 4.75, 12.75, -6.75 ],
			"scale": [ 2.00, 2.00, 1.00 ]
		},
		"firstperson_lefthand": {
			"rotation": [ 246, 282, 238 ],
			"translation": [ 3.50, 13.50, -4.25 ],
			"scale": [ 2.00, 2.00, 1.00 ]
		}
	}
}