{
    "parent": "minecraft:item/handheld",
	"textures": {
		"layer0": "./twisted_bow"
	},
	"display": {
		"thirdperson_righthand": {
			"rotation": [-80, 260, -40],
			"translation": [-1, -2.25, 3],
			"scale": [2, 2, 1]
		},
		"thirdperson_lefthand": {
			"rotation": [-80, -280, 40],
			"translation": [-1, -2.25, 3],
			"scale": [2, 2, 1]
		},
		"firstperson_righthand": {
			"rotation": [0, -90, 25],
			"translation": [1.13, 3.2, 1.13],
			"scale": [1.36, 1.36, 0.68]
		},
		"firstperson_lefthand": {
			"rotation": [0, 90, -25],
			"translation": [1.13, 3.2, 1.13],
			"scale": [1.36, 1.36, 0.68]
		},
		"gui": {
			"scale": [1.4, 1.4, 1]
		},
		"fixed": {
			"scale": [-1.7, 1.7, 1]
		}
	}
}