{
  "parent": "minecraft:item/handheld",
  "textures": {
    "layer0": "pintcraft:item/firebrand"
  },
  "display": {
		"thirdperson_righthand": {
			"rotation": [0, -90, 55],
			"translation": [0, 4, 0.5],
			"scale": [1.7, 1.7, 0.85]
		},
		"thirdperson_lefthand": {
			"rotation": [0, 90, -55],
			"translation": [0, 4, 0.5],
			"scale": [1.7, 1.7, 0.85]
		},
		"firstperson_righthand": {
			"rotation": [0, -90, 25],
			"translation": [1.13, 3.2, 1.13],
			"scale": [1.36, 1.36, 0.68]
		},
		"firstperson_lefthand": {
			"rotation": [0, 90, -25],
			"translation": [1.13, 3.2, 1.13],
			"scale": [1.36, 1.36, 0.68]
		},
		"ground": {
			"translation": [0, 2, 0],
			"scale": [1, 1, 0.5]
		},
		"gui": {
			"translation": [0, -1, 0],
			"scale": [1.75, 1.75, 1]
		},
		"head": {
			"scale": [5, 5, 5]
		},
		"fixed": {
			"rotation": [0, 180, 0],
			"translation": [0, -1.25, -0.75],
			"scale": [2, 2, 1]
		}
	}
}