{
	"texture_size": [32, 32],
	"textures": {
		"4": "pintcraft:item/frostmourne"
	},
	
	"elements": [
		{
			"from": [7.6, 23.1, 7.6],
			"to": [8.4, 24, 8.4],
			"rotation": {"angle": 0, "axis": "y", "origin": [8, 23.5, 8]},
			"faces": {
				"north": {"uv": [8, 0, 8.5, 1], "texture": "#4"},
				"east": {"uv": [10.5, 0, 11, 1], "texture": "#4"},
				"south": {"uv": [8.5, 0, 9, 1], "texture": "#4"},
				"west": {"uv": [8.5, 0, 9, 1], "texture": "#4"},
				"up": {"uv": [8, 0, 8.5, 0.5], "texture": "#4"},
				"down": {"uv": [8.5, 0.5, 9, 1], "texture": "#4"}
			}
		},
		{
			"from": [7.65, 18.2, 7.65],
			"to": [8.35, 23.1, 8.35],
			"rotation": {"angle": 0, "axis": "y", "origin": [8, 22.6, 8]},
			"faces": {
				"north": {"uv": [11, 0, 11.5, 3.5], "texture": "#4"},
				"east": {"uv": [11, 0, 11.5, 3.5], "texture": "#4"},
				"south": {"uv": [11, 0, 11.5, 3.5], "texture": "#4"},
				"west": {"uv": [11, 0, 11.5, 3.5], "texture": "#4"},
				"up": {"uv": [0, 0, 0, 0], "texture": "#4"}
			}
		},
		{
			"from": [7.7, 24, 7.7],
			"to": [8.3, 24.2, 8.3],
			"rotation": {"angle": 0, "axis": "y", "origin": [8, 24.5, 8]},
			"faces": {
				"north": {"uv": [8, 1, 8.5, 1], "texture": "#4"},
				"east": {"uv": [8.5, 0, 9, 0], "texture": "#4"},
				"south": {"uv": [8, 0, 8.3, 0.1], "texture": "#4"},
				"west": {"uv": [10, 0, 10.5, 0], "texture": "#4"},
				"up": {"uv": [9.5, 0, 10, 0.5], "texture": "#4"}
			}
		},
		{
			"from": [7.6, 22.6, 7.6],
			"to": [8.4, 22.9, 8.4],
			"rotation": {"angle": 0, "axis": "y", "origin": [8, 23.2, 8]},
			"faces": {
				"north": {"uv": [8.5, 0, 9, 0], "texture": "#4"},
				"east": {"uv": [8.5, 0.5, 9, 0.5], "texture": "#4"},
				"south": {"uv": [9, 0.5, 9.5, 0.5], "texture": "#4"},
				"west": {"uv": [8.5, 0.5, 9, 0.5], "texture": "#4"},
				"up": {"uv": [8.5, 0, 9, 0.5], "texture": "#4"},
				"down": {"uv": [8, 0, 8.4, 0.4], "texture": "#4"}
			}
		},
		{
			"from": [7.6, 20.1, 7.6],
			"to": [8.4, 20.4, 8.4],
			"rotation": {"angle": 0, "axis": "y", "origin": [8, 20.7, 8]},
			"faces": {
				"north": {"uv": [8, 0, 8.4, 0.15], "texture": "#4"},
				"east": {"uv": [8, 0, 8.4, 0.15], "texture": "#4"},
				"south": {"uv": [8.5, 0, 9, 0], "texture": "#4"},
				"west": {"uv": [9.5, 0, 10, 0], "texture": "#4"},
				"up": {"uv": [8, 0, 8.4, 0.4], "texture": "#4"},
				"down": {"uv": [8.5, 0.5, 9, 1], "texture": "#4"}
			}
		},
		{
			"from": [7.6, 18, 7.6],
			"to": [8.4, 18.2, 8.4],
			"rotation": {"angle": 0, "axis": "y", "origin": [8, 18.6, 8]},
			"faces": {
				"north": {"uv": [0.5, 9, 1, 9], "texture": "#4"},
				"east": {"uv": [0.5, 9, 1, 9], "texture": "#4"},
				"south": {"uv": [0.5, 9, 1, 9], "texture": "#4"},
				"west": {"uv": [0.5, 9, 1, 9], "texture": "#4"},
				"up": {"uv": [0, 9, 0.5, 9], "texture": "#4"}
			}
		},
		{
			"from": [7.2, 16.8, 7.5],
			"to": [8.8, 18, 8.5],
			"rotation": {"angle": 0, "axis": "y", "origin": [8, 18, 8]},
			"faces": {
				"north": {"uv": [8, 0, 8, 0], "texture": "#4"},
				"east": {"uv": [8, 1, 9, 2], "texture": "#4"},
				"south": {"uv": [8, 1, 9.5, 2], "texture": "#4"},
				"west": {"uv": [8, 1, 9, 2], "texture": "#4"},
				"up": {"uv": [8, 1, 9.5, 2], "texture": "#4"},
				"down": {"uv": [8, 1, 9.5, 2], "texture": "#4"}
			}
		},
		{
			"from": [7.2, 16.1, 7.85],
			"to": [8.8, 16.8, 8.15],
			"rotation": {"angle": 0, "axis": "y", "origin": [8, 16.8, 7.9]},
			"faces": {
				"north": {"uv": [8, 11, 10, 12], "texture": "#4"},
				"east": {"uv": [9, 10.5, 9.5, 11.5], "texture": "#4"},
				"south": {"uv": [1.14286, 2.28572, 6.85715, 3.42857], "texture": "#4"},
				"west": {"uv": [9, 10, 9.5, 11], "texture": "#4"},
				"up": {"uv": [0, 0, 0, 0], "texture": "#4"}
			}
		},
		{
			"from": [8.85, 15.2, 8.1],
			"to": [9.05, 16, 8.2],
			"rotation": {"angle": 0, "axis": "y", "origin": [8.8, 16.1, 8]},
			"faces": {
				"north": {"uv": [9.5, 9.5, 10, 11], "texture": "#4"},
				"east": {"uv": [8, 9.5, 8.5, 11], "texture": "#4"},
				"south": {"uv": [8.5, 9, 9, 10.5], "texture": "#4"},
				"west": {"uv": [9.5, 9.5, 10, 11], "texture": "#4"},
				"up": {"uv": [9, 10.5, 9.5, 11], "texture": "#4"},
				"down": {"uv": [8.5, 9.5, 9, 10], "texture": "#4"}
			}
		},
		{
			"from": [9.05, 15.1, 8.1],
			"to": [9.3, 16.05, 8.2],
			"rotation": {"angle": 0, "axis": "y", "origin": [9.85, 16.1, 8]},
			"faces": {
				"north": {"uv": [9, 9.5, 9.5, 11], "texture": "#4"},
				"east": {"uv": [8, 11, 8.5, 12.5], "texture": "#4"},
				"south": {"uv": [8.5, 9, 9, 10.5], "texture": "#4"},
				"west": {"uv": [9, 9.5, 9.5, 11], "texture": "#4"},
				"up": {"uv": [8.5, 11.5, 9, 12], "texture": "#4"},
				"down": {"uv": [8, 12.5, 8.5, 13], "texture": "#4"}
			}
		},
		{
			"from": [9.3, 15.15, 8.1],
			"to": [9.55, 16, 8.2],
			"rotation": {"angle": 0, "axis": "y", "origin": [10.1, 16.1, 8]},
			"faces": {
				"north": {"uv": [9.5, 9.5, 10, 11], "texture": "#4"},
				"east": {"uv": [8, 9.5, 8.5, 11], "texture": "#4"},
				"south": {"uv": [8.5, 9, 9, 10.5], "texture": "#4"},
				"west": {"uv": [9.5, 9.5, 10, 11], "texture": "#4"},
				"up": {"uv": [9, 10.5, 9.5, 11], "texture": "#4"},
				"down": {"uv": [8.5, 9.5, 9, 10], "texture": "#4"}
			}
		},
		{
			"from": [9.55, 15.2, 8.1],
			"to": [9.8, 15.9, 8.2],
			"rotation": {"angle": 0, "axis": "y", "origin": [10.35, 16, 8]},
			"faces": {
				"north": {"uv": [9.5, 9.5, 10, 11], "texture": "#4"},
				"east": {"uv": [8, 9.5, 8.5, 11], "texture": "#4"},
				"south": {"uv": [8.5, 9, 9, 10.5], "texture": "#4"},
				"west": {"uv": [9.5, 9.5, 10, 11], "texture": "#4"},
				"up": {"uv": [9, 10.5, 9.5, 11], "texture": "#4"},
				"down": {"uv": [8.5, 9.5, 9, 10], "texture": "#4"}
			}
		},
		{
			"from": [9.8, 15.25, 8.1],
			"to": [10.05, 15.85, 8.2],
			"rotation": {"angle": 0, "axis": "y", "origin": [10.6, 16, 8]},
			"faces": {
				"north": {"uv": [9.5, 9.5, 10, 11], "texture": "#4"},
				"east": {"uv": [8, 9.5, 8.5, 11], "texture": "#4"},
				"south": {"uv": [8.5, 9, 9, 10.5], "texture": "#4"},
				"west": {"uv": [9.5, 9.5, 10, 11], "texture": "#4"},
				"up": {"uv": [9, 10.5, 9.5, 11], "texture": "#4"},
				"down": {"uv": [8.5, 9.5, 9, 10], "texture": "#4"}
			}
		},
		{
			"from": [10.05, 15.15, 8.1],
			"to": [10.3, 15.75, 8.2],
			"rotation": {"angle": 0, "axis": "y", "origin": [10.85, 15.9, 8]},
			"faces": {
				"north": {"uv": [9, 9.5, 9.5, 11], "texture": "#4"},
				"east": {"uv": [8, 11, 8.5, 12.5], "texture": "#4"},
				"south": {"uv": [8.5, 9, 9, 10.5], "texture": "#4"},
				"west": {"uv": [9, 9.5, 9.5, 11], "texture": "#4"},
				"up": {"uv": [8.5, 11.5, 9, 12], "texture": "#4"},
				"down": {"uv": [8, 12.5, 8.5, 13], "texture": "#4"}
			}
		},
		{
			"from": [10.3, 15.05, 8.1],
			"to": [10.55, 15.55, 8.2],
			"rotation": {"angle": 0, "axis": "y", "origin": [11.1, 15.8, 8]},
			"faces": {
				"north": {"uv": [9.5, 9.5, 10, 11], "texture": "#4"},
				"east": {"uv": [8, 9.5, 8.5, 11], "texture": "#4"},
				"south": {"uv": [8.5, 9, 9, 10.5], "texture": "#4"},
				"west": {"uv": [9.5, 9.5, 10, 11], "texture": "#4"},
				"up": {"uv": [9, 10.5, 9.5, 11], "texture": "#4"},
				"down": {"uv": [8.5, 9.5, 9, 10], "texture": "#4"}
			}
		},
		{
			"from": [10.55, 14.95, 8.1],
			"to": [10.7, 15.45, 8.2],
			"rotation": {"angle": 0, "axis": "y", "origin": [11.35, 15.7, 8]},
			"faces": {
				"north": {"uv": [9, 9.5, 9.5, 11], "texture": "#4"},
				"east": {"uv": [8, 11, 8.5, 12.5], "texture": "#4"},
				"south": {"uv": [8.5, 9, 9, 10.5], "texture": "#4"},
				"west": {"uv": [9, 9.5, 9.5, 11], "texture": "#4"},
				"up": {"uv": [8.5, 11.5, 9, 12], "texture": "#4"},
				"down": {"uv": [8, 12.5, 8.5, 13], "texture": "#4"}
			}
		},
		{
			"from": [10.7, 14.85, 8.1],
			"to": [10.75, 15.35, 8.2],
			"rotation": {"angle": 0, "axis": "y", "origin": [11.5, 15.7, 8]},
			"faces": {
				"north": {"uv": [9, 9.5, 9.5, 11], "texture": "#4"},
				"east": {"uv": [8, 11, 8.5, 12.5], "texture": "#4"},
				"south": {"uv": [8.5, 9, 9, 10.5], "texture": "#4"},
				"west": {"uv": [9, 9.5, 9.5, 11], "texture": "#4"},
				"up": {"uv": [8.5, 11.5, 9, 12], "texture": "#4"},
				"down": {"uv": [8, 12.5, 8.5, 13], "texture": "#4"}
			}
		},
		{
			"from": [8.85, 15.1, 7.9],
			"to": [9.05, 16.1, 8.1],
			"rotation": {"angle": 0, "axis": "y", "origin": [8.8, 16.1, 7.9]},
			"faces": {
				"north": {"uv": [8.5, 8.5, 9, 10], "texture": "#4"},
				"east": {"uv": [8, 8.5, 8.5, 10], "texture": "#4"},
				"south": {"uv": [8.5, 8.5, 9, 10], "texture": "#4"},
				"west": {"uv": [8, 8.5, 8.5, 10], "texture": "#4"},
				"up": {"uv": [8.5, 8.5, 8.5, 8.5], "texture": "#4"},
				"down": {"uv": [8.5, 9.5, 8.5, 9.5], "texture": "#4"}
			}
		},
		{
			"from": [9.05, 15, 7.9],
			"to": [9.3, 16.15, 8.1],
			"rotation": {"angle": 0, "axis": "y", "origin": [9.85, 16.1, 7.9]},
			"faces": {
				"north": {"uv": [8.5, 8.5, 9, 10], "texture": "#4"},
				"east": {"uv": [8, 8.5, 8.5, 10], "texture": "#4"},
				"south": {"uv": [8.5, 8.5, 9, 10], "texture": "#4"},
				"west": {"uv": [8, 8.5, 8.5, 10], "texture": "#4"},
				"up": {"uv": [8.5, 8.5, 8.5, 8.5], "texture": "#4"},
				"down": {"uv": [8.5, 9.5, 8.5, 9.5], "texture": "#4"}
			}
		},
		{
			"from": [9.3, 15.05, 7.9],
			"to": [9.55, 16.1, 8.1],
			"rotation": {"angle": 0, "axis": "y", "origin": [10.1, 16.1, 7.9]},
			"faces": {
				"north": {"uv": [8.5, 8.5, 9, 10], "texture": "#4"},
				"east": {"uv": [8, 8.5, 8.5, 10], "texture": "#4"},
				"south": {"uv": [8.5, 8.5, 9, 10], "texture": "#4"},
				"west": {"uv": [8, 8.5, 8.5, 10], "texture": "#4"},
				"up": {"uv": [8.5, 8.5, 8.5, 8.5], "texture": "#4"},
				"down": {"uv": [8.5, 9.5, 8.5, 9.5], "texture": "#4"}
			}
		},
		{
			"from": [9.55, 15.1, 7.9],
			"to": [9.8, 16, 8.1],
			"rotation": {"angle": 0, "axis": "y", "origin": [10.35, 16, 7.9]},
			"faces": {
				"north": {"uv": [8.5, 8.5, 9, 10], "texture": "#4"},
				"east": {"uv": [8, 8.5, 8.5, 10], "texture": "#4"},
				"south": {"uv": [8.5, 8.5, 9, 10], "texture": "#4"},
				"west": {"uv": [8, 8.5, 8.5, 10], "texture": "#4"},
				"up": {"uv": [8.5, 8.5, 8.5, 8.5], "texture": "#4"},
				"down": {"uv": [8.5, 9.5, 8.5, 9.5], "texture": "#4"}
			}
		},
		{
			"from": [9.8, 15.15, 7.9],
			"to": [10.05, 15.95, 8.1],
			"rotation": {"angle": 0, "axis": "y", "origin": [10.6, 16, 7.9]},
			"faces": {
				"north": {"uv": [8.5, 8.5, 9, 10], "texture": "#4"},
				"east": {"uv": [8, 8.5, 8.5, 10], "texture": "#4"},
				"south": {"uv": [8.5, 8.5, 9, 10], "texture": "#4"},
				"west": {"uv": [8, 8.5, 8.5, 10], "texture": "#4"},
				"up": {"uv": [8.5, 8.5, 8.5, 8.5], "texture": "#4"},
				"down": {"uv": [8.5, 9.5, 8.5, 9.5], "texture": "#4"}
			}
		},
		{
			"from": [10.05, 15.05, 7.9],
			"to": [10.3, 15.85, 8.1],
			"rotation": {"angle": 0, "axis": "y", "origin": [10.85, 15.9, 7.9]},
			"faces": {
				"north": {"uv": [8.5, 8.5, 9, 10], "texture": "#4"},
				"east": {"uv": [8, 8.5, 8.5, 10], "texture": "#4"},
				"south": {"uv": [8.5, 8.5, 9, 10], "texture": "#4"},
				"west": {"uv": [8, 8.5, 8.5, 10], "texture": "#4"},
				"up": {"uv": [8.5, 8.5, 8.5, 8.5], "texture": "#4"},
				"down": {"uv": [8.5, 9.5, 8.5, 9.5], "texture": "#4"}
			}
		},
		{
			"from": [10.3, 14.95, 7.9],
			"to": [10.55, 15.65, 8.1],
			"rotation": {"angle": 0, "axis": "y", "origin": [11.1, 15.8, 7.9]},
			"faces": {
				"north": {"uv": [8.5, 8.5, 9, 10], "texture": "#4"},
				"east": {"uv": [8, 8.5, 8.5, 10], "texture": "#4"},
				"south": {"uv": [8.5, 8.5, 9, 10], "texture": "#4"},
				"west": {"uv": [8, 8.5, 8.5, 10], "texture": "#4"},
				"up": {"uv": [8.5, 8.5, 8.5, 8.5], "texture": "#4"},
				"down": {"uv": [8.5, 9.5, 8.5, 9.5], "texture": "#4"}
			}
		},
		{
			"from": [10.7, 14.75, 7.9],
			"to": [10.85, 15.45, 8.1],
			"rotation": {"angle": 0, "axis": "y", "origin": [11.5, 15.7, 7.9]},
			"faces": {
				"north": {"uv": [8.5, 8.5, 9, 10], "texture": "#4"},
				"east": {"uv": [8, 8.5, 8.5, 10], "texture": "#4"},
				"south": {"uv": [8.5, 8.5, 9, 10], "texture": "#4"},
				"west": {"uv": [8, 8.5, 8.5, 10], "texture": "#4"},
				"up": {"uv": [8.5, 8.5, 8.5, 8.5], "texture": "#4"},
				"down": {"uv": [8.5, 9.5, 8.5, 9.5], "texture": "#4"}
			}
		},
		{
			"from": [10.55, 14.85, 7.9],
			"to": [10.7, 15.55, 8.1],
			"rotation": {"angle": 0, "axis": "y", "origin": [11.35, 15.7, 7.9]},
			"faces": {
				"north": {"uv": [8.5, 8.5, 9, 10], "texture": "#4"},
				"east": {"uv": [8, 8.5, 8.5, 10], "texture": "#4"},
				"south": {"uv": [8.5, 8.5, 9, 10], "texture": "#4"},
				"west": {"uv": [8, 8.5, 8.5, 10], "texture": "#4"},
				"up": {"uv": [8.5, 8.5, 8.5, 8.5], "texture": "#4"},
				"down": {"uv": [8.5, 9.5, 8.5, 9.5], "texture": "#4"}
			}
		},
		{
			"from": [10.7, 14.85, 7.8],
			"to": [10.75, 15.35, 7.9],
			"rotation": {"angle": 0, "axis": "y", "origin": [11.5, 15.7, 7.7]},
			"faces": {
				"north": {"uv": [8, 8, 8.5, 9.5], "texture": "#4"},
				"east": {"uv": [8.5, 9, 9, 10.5], "texture": "#4"},
				"south": {"uv": [9.5, 9, 10, 10.5], "texture": "#4"},
				"west": {"uv": [9, 9.5, 9.5, 11], "texture": "#4"},
				"up": {"uv": [9, 8.5, 9.5, 9], "texture": "#4"},
				"down": {"uv": [9, 8.5, 9.5, 9], "texture": "#4"}
			}
		},
		{
			"from": [10.3, 15.05, 7.8],
			"to": [10.55, 15.55, 7.9],
			"rotation": {"angle": 0, "axis": "y", "origin": [11.1, 15.8, 7.7]},
			"faces": {
				"north": {"uv": [8, 8, 8.5, 9.5], "texture": "#4"},
				"east": {"uv": [8.5, 9, 9, 10.5], "texture": "#4"},
				"south": {"uv": [9.5, 9, 10, 10.5], "texture": "#4"},
				"west": {"uv": [9, 9.5, 9.5, 11], "texture": "#4"},
				"up": {"uv": [9, 8.5, 9.5, 9], "texture": "#4"},
				"down": {"uv": [9, 8.5, 9.5, 9], "texture": "#4"}
			}
		},
		{
			"from": [10.55, 14.95, 7.8],
			"to": [10.7, 15.45, 7.9],
			"rotation": {"angle": 0, "axis": "y", "origin": [11.35, 15.7, 7.7]},
			"faces": {
				"north": {"uv": [8, 8, 8.5, 9.5], "texture": "#4"},
				"east": {"uv": [8.5, 9, 9, 10.5], "texture": "#4"},
				"south": {"uv": [9.5, 9, 10, 10.5], "texture": "#4"},
				"west": {"uv": [9, 9.5, 9.5, 11], "texture": "#4"},
				"up": {"uv": [9, 8.5, 9.5, 9], "texture": "#4"},
				"down": {"uv": [9, 8.5, 9.5, 9], "texture": "#4"}
			}
		},
		{
			"from": [10.05, 15.15, 7.8],
			"to": [10.3, 15.75, 7.9],
			"rotation": {"angle": 0, "axis": "y", "origin": [10.85, 15.9, 7.7]},
			"faces": {
				"north": {"uv": [9.5, 9.5, 10, 11], "texture": "#4"},
				"east": {"uv": [8, 9.5, 8.5, 11], "texture": "#4"},
				"south": {"uv": [8.5, 9, 9, 10.5], "texture": "#4"},
				"west": {"uv": [9.5, 9.5, 10, 11], "texture": "#4"},
				"up": {"uv": [9, 10.5, 9.5, 11], "texture": "#4"},
				"down": {"uv": [8.5, 9.5, 9, 10], "texture": "#4"}
			}
		},
		{
			"from": [9.8, 15.25, 7.8],
			"to": [10.05, 15.85, 7.9],
			"rotation": {"angle": 0, "axis": "y", "origin": [10.6, 16, 7.7]},
			"faces": {
				"north": {"uv": [9.5, 9.5, 10, 11], "texture": "#4"},
				"east": {"uv": [8, 9.5, 8.5, 11], "texture": "#4"},
				"south": {"uv": [8.5, 9, 9, 10.5], "texture": "#4"},
				"west": {"uv": [9.5, 9.5, 10, 11], "texture": "#4"},
				"up": {"uv": [9, 10.5, 9.5, 11], "texture": "#4"},
				"down": {"uv": [8.5, 9.5, 9, 10], "texture": "#4"}
			}
		},
		{
			"from": [9.55, 15.2, 7.8],
			"to": [9.8, 15.9, 7.9],
			"rotation": {"angle": 0, "axis": "y", "origin": [10.35, 16, 7.7]},
			"faces": {
				"north": {"uv": [8, 8, 8.5, 9.5], "texture": "#4"},
				"east": {"uv": [8.5, 9, 9, 10.5], "texture": "#4"},
				"south": {"uv": [9.5, 9, 10, 10.5], "texture": "#4"},
				"west": {"uv": [9, 9.5, 9.5, 11], "texture": "#4"},
				"up": {"uv": [9, 8.5, 9.5, 9], "texture": "#4"},
				"down": {"uv": [9, 8.5, 9.5, 9], "texture": "#4"}
			}
		},
		{
			"from": [9.3, 15.15, 7.8],
			"to": [9.55, 16, 7.9],
			"rotation": {"angle": 0, "axis": "y", "origin": [10.1, 16.1, 7.7]},
			"faces": {
				"north": {"uv": [9.5, 9.5, 10, 11], "texture": "#4"},
				"east": {"uv": [8, 9.5, 8.5, 11], "texture": "#4"},
				"south": {"uv": [8.5, 9, 9, 10.5], "texture": "#4"},
				"west": {"uv": [9.5, 9.5, 10, 11], "texture": "#4"},
				"up": {"uv": [9, 10.5, 9.5, 11], "texture": "#4"},
				"down": {"uv": [8.5, 9.5, 9, 10], "texture": "#4"}
			}
		},
		{
			"from": [9.05, 15.1, 7.8],
			"to": [9.3, 16.05, 7.9],
			"rotation": {"angle": 0, "axis": "y", "origin": [9.85, 16.1, 7.7]},
			"faces": {
				"north": {"uv": [8, 8, 8.5, 9.5], "texture": "#4"},
				"east": {"uv": [8.5, 9, 9, 10.5], "texture": "#4"},
				"south": {"uv": [9.5, 9, 10, 10.5], "texture": "#4"},
				"west": {"uv": [9, 9.5, 9.5, 11], "texture": "#4"},
				"up": {"uv": [9, 8.5, 9.5, 9], "texture": "#4"},
				"down": {"uv": [9, 8.5, 9.5, 9], "texture": "#4"}
			}
		},
		{
			"from": [8.55, 15.2, 7.8],
			"to": [9.05, 16, 7.9],
			"rotation": {"angle": 0, "axis": "y", "origin": [8.8, 16.1, 7.7]},
			"faces": {
				"north": {"uv": [8, 8, 8.5, 9.5], "texture": "#4"},
				"east": {"uv": [8.5, 9, 9, 10.5], "texture": "#4"},
				"south": {"uv": [9.5, 9, 10, 10.5], "texture": "#4"},
				"west": {"uv": [9, 9.5, 9.5, 11], "texture": "#4"},
				"up": {"uv": [9, 8.5, 9.5, 9], "texture": "#4"},
				"down": {"uv": [9, 8.5, 9.5, 9], "texture": "#4"}
			}
		},
		{
			"from": [6.95, 15.2, 8.1],
			"to": [7.15, 16, 8.2],
			"rotation": {"angle": 0, "axis": "y", "origin": [7.2, 16.1, 8]},
			"faces": {
				"north": {"uv": [8, 8, 8.5, 9.5], "texture": "#4"},
				"east": {"uv": [8.5, 9, 9, 10.5], "texture": "#4"},
				"south": {"uv": [9.5, 9, 10, 10.5], "texture": "#4"},
				"west": {"uv": [9, 9.5, 9.5, 11], "texture": "#4"},
				"up": {"uv": [9, 8.5, 9.5, 9], "texture": "#4"},
				"down": {"uv": [9, 8.5, 9.5, 9], "texture": "#4"}
			}
		},
		{
			"from": [6.7, 15.1, 8.1],
			"to": [6.95, 16.05, 8.2],
			"rotation": {"angle": 0, "axis": "y", "origin": [6.15, 16.1, 8]},
			"faces": {
				"north": {"uv": [9, 9.5, 9.5, 11], "texture": "#4"},
				"east": {"uv": [8, 11, 8.5, 12.5], "texture": "#4"},
				"south": {"uv": [8.5, 9, 9, 10.5], "texture": "#4"},
				"west": {"uv": [9, 9.5, 9.5, 11], "texture": "#4"},
				"up": {"uv": [8.5, 11.5, 9, 12], "texture": "#4"},
				"down": {"uv": [8, 12.5, 8.5, 13], "texture": "#4"}
			}
		},
		{
			"from": [6.45, 15.15, 8.1],
			"to": [6.7, 16, 8.2],
			"rotation": {"angle": 0, "axis": "y", "origin": [5.9, 16.1, 8]},
			"faces": {
				"north": {"uv": [8, 8, 8.5, 9.5], "texture": "#4"},
				"east": {"uv": [8.5, 9, 9, 10.5], "texture": "#4"},
				"south": {"uv": [9.5, 9, 10, 10.5], "texture": "#4"},
				"west": {"uv": [9, 9.5, 9.5, 11], "texture": "#4"},
				"up": {"uv": [9, 8.5, 9.5, 9], "texture": "#4"},
				"down": {"uv": [9, 8.5, 9.5, 9], "texture": "#4"}
			}
		},
		{
			"from": [6.2, 15.2, 8.1],
			"to": [6.45, 15.9, 8.2],
			"rotation": {"angle": 0, "axis": "y", "origin": [5.65, 16, 8]},
			"faces": {
				"north": {"uv": [8, 8, 8.5, 9.5], "texture": "#4"},
				"east": {"uv": [8.5, 9, 9, 10.5], "texture": "#4"},
				"south": {"uv": [9.5, 9, 10, 10.5], "texture": "#4"},
				"west": {"uv": [9, 9.5, 9.5, 11], "texture": "#4"},
				"up": {"uv": [9, 8.5, 9.5, 9], "texture": "#4"},
				"down": {"uv": [9, 8.5, 9.5, 9], "texture": "#4"}
			}
		},
		{
			"from": [5.95, 15.25, 8.1],
			"to": [6.2, 15.85, 8.2],
			"rotation": {"angle": 0, "axis": "y", "origin": [5.4, 16, 8]},
			"faces": {
				"north": {"uv": [9.5, 9.5, 10, 11], "texture": "#4"},
				"east": {"uv": [8, 9.5, 8.5, 11], "texture": "#4"},
				"south": {"uv": [8.5, 9, 9, 10.5], "texture": "#4"},
				"west": {"uv": [9.5, 9.5, 10, 11], "texture": "#4"},
				"up": {"uv": [9, 10.5, 9.5, 11], "texture": "#4"},
				"down": {"uv": [8.5, 9.5, 9, 10], "texture": "#4"}
			}
		},
		{
			"from": [5.7, 15.15, 8.1],
			"to": [5.95, 15.75, 8.2],
			"rotation": {"angle": 0, "axis": "y", "origin": [5.15, 15.9, 8]},
			"faces": {
				"north": {"uv": [9.5, 9.5, 10, 11], "texture": "#4"},
				"east": {"uv": [8, 9.5, 8.5, 11], "texture": "#4"},
				"south": {"uv": [8.5, 9, 9, 10.5], "texture": "#4"},
				"west": {"uv": [9.5, 9.5, 10, 11], "texture": "#4"},
				"up": {"uv": [9, 10.5, 9.5, 11], "texture": "#4"},
				"down": {"uv": [8.5, 9.5, 9, 10], "texture": "#4"}
			}
		},
		{
			"from": [5.45, 15.05, 8.1],
			"to": [5.7, 15.55, 8.2],
			"rotation": {"angle": 0, "axis": "y", "origin": [4.9, 15.8, 8]},
			"faces": {
				"north": {"uv": [8, 8, 8.5, 9.5], "texture": "#4"},
				"east": {"uv": [8.5, 9, 9, 10.5], "texture": "#4"},
				"south": {"uv": [9.5, 9, 10, 10.5], "texture": "#4"},
				"west": {"uv": [9, 9.5, 9.5, 11], "texture": "#4"},
				"up": {"uv": [9, 8.5, 9.5, 9], "texture": "#4"},
				"down": {"uv": [9, 8.5, 9.5, 9], "texture": "#4"}
			}
		},
		{
			"from": [5.3, 14.95, 8.1],
			"to": [5.45, 15.45, 8.2],
			"rotation": {"angle": 0, "axis": "y", "origin": [4.65, 15.7, 8]},
			"faces": {
				"north": {"uv": [9, 9.5, 9.5, 11], "texture": "#4"},
				"east": {"uv": [8, 11, 8.5, 12.5], "texture": "#4"},
				"south": {"uv": [8.5, 9, 9, 10.5], "texture": "#4"},
				"west": {"uv": [9, 9.5, 9.5, 11], "texture": "#4"},
				"up": {"uv": [8.5, 11.5, 9, 12], "texture": "#4"},
				"down": {"uv": [8, 12.5, 8.5, 13], "texture": "#4"}
			}
		},
		{
			"from": [5.25, 14.85, 8.1],
			"to": [5.3, 15.35, 8.2],
			"rotation": {"angle": 0, "axis": "y", "origin": [4.5, 15.7, 8]},
			"faces": {
				"north": {"uv": [9, 9.5, 9.5, 11], "texture": "#4"},
				"east": {"uv": [8, 11, 8.5, 12.5], "texture": "#4"},
				"south": {"uv": [8.5, 9, 9, 10.5], "texture": "#4"},
				"west": {"uv": [9, 9.5, 9.5, 11], "texture": "#4"},
				"up": {"uv": [8.5, 11.5, 9, 12], "texture": "#4"},
				"down": {"uv": [8, 12.5, 8.5, 13], "texture": "#4"}
			}
		},
		{
			"from": [6.95, 15.1, 7.9],
			"to": [7.15, 16.1, 8.1],
			"rotation": {"angle": 0, "axis": "y", "origin": [6.9, 16.1, 7.9]},
			"faces": {
				"north": {"uv": [8.5, 8.5, 9, 10], "texture": "#4"},
				"east": {"uv": [8, 8.5, 8.5, 10], "texture": "#4"},
				"south": {"uv": [8.5, 8.5, 9, 10], "texture": "#4"},
				"west": {"uv": [8, 8.5, 8.5, 10], "texture": "#4"},
				"up": {"uv": [8.5, 8.5, 8.5, 8.5], "texture": "#4"},
				"down": {"uv": [8.5, 9.5, 8.5, 9.5], "texture": "#4"}
			}
		},
		{
			"from": [6.7, 15, 7.9],
			"to": [6.95, 16.15, 8.1],
			"rotation": {"angle": 0, "axis": "y", "origin": [6.15, 16.1, 7.9]},
			"faces": {
				"north": {"uv": [8.5, 8.5, 9, 10], "texture": "#4"},
				"east": {"uv": [8, 8.5, 8.5, 10], "texture": "#4"},
				"south": {"uv": [8.5, 8.5, 9, 10], "texture": "#4"},
				"west": {"uv": [8, 8.5, 8.5, 10], "texture": "#4"},
				"up": {"uv": [8.5, 8.5, 8.5, 8.5], "texture": "#4"},
				"down": {"uv": [8.5, 9.5, 8.5, 9.5], "texture": "#4"}
			}
		},
		{
			"from": [6.45, 15.05, 7.9],
			"to": [6.7, 16.1, 8.1],
			"rotation": {"angle": 0, "axis": "y", "origin": [5.9, 16.1, 7.9]},
			"faces": {
				"north": {"uv": [8.5, 8.5, 9, 10], "texture": "#4"},
				"east": {"uv": [8, 8.5, 8.5, 10], "texture": "#4"},
				"south": {"uv": [8.5, 8.5, 9, 10], "texture": "#4"},
				"west": {"uv": [8, 8.5, 8.5, 10], "texture": "#4"},
				"up": {"uv": [8.5, 8.5, 8.5, 8.5], "texture": "#4"},
				"down": {"uv": [8.5, 9.5, 8.5, 9.5], "texture": "#4"}
			}
		},
		{
			"from": [6.2, 15.1, 7.9],
			"to": [6.45, 16, 8.1],
			"rotation": {"angle": 0, "axis": "y", "origin": [5.65, 16, 7.9]},
			"faces": {
				"north": {"uv": [8.5, 8.5, 9, 10], "texture": "#4"},
				"east": {"uv": [8, 8.5, 8.5, 10], "texture": "#4"},
				"south": {"uv": [8.5, 8.5, 9, 10], "texture": "#4"},
				"west": {"uv": [8, 8.5, 8.5, 10], "texture": "#4"},
				"up": {"uv": [8.5, 8.5, 8.5, 8.5], "texture": "#4"},
				"down": {"uv": [8.5, 9.5, 8.5, 9.5], "texture": "#4"}
			}
		},
		{
			"from": [5.95, 15.15, 7.9],
			"to": [6.2, 15.95, 8.1],
			"rotation": {"angle": 0, "axis": "y", "origin": [5.4, 16, 7.9]},
			"faces": {
				"north": {"uv": [8.5, 8.5, 9, 10], "texture": "#4"},
				"east": {"uv": [8, 8.5, 8.5, 10], "texture": "#4"},
				"south": {"uv": [8.5, 8.5, 9, 10], "texture": "#4"},
				"west": {"uv": [8, 8.5, 8.5, 10], "texture": "#4"},
				"up": {"uv": [8.5, 8.5, 8.5, 8.5], "texture": "#4"},
				"down": {"uv": [8.5, 9.5, 8.5, 9.5], "texture": "#4"}
			}
		},
		{
			"from": [5.7, 15.05, 7.9],
			"to": [5.95, 15.85, 8.1],
			"rotation": {"angle": 0, "axis": "y", "origin": [5.15, 15.9, 7.9]},
			"faces": {
				"north": {"uv": [8.5, 8.5, 9, 10], "texture": "#4"},
				"east": {"uv": [8, 8.5, 8.5, 10], "texture": "#4"},
				"south": {"uv": [8.5, 8.5, 9, 10], "texture": "#4"},
				"west": {"uv": [8, 8.5, 8.5, 10], "texture": "#4"},
				"up": {"uv": [8.5, 8.5, 8.5, 8.5], "texture": "#4"},
				"down": {"uv": [8.5, 9.5, 8.5, 9.5], "texture": "#4"}
			}
		},
		{
			"from": [5.45, 14.95, 7.9],
			"to": [5.7, 15.65, 8.1],
			"rotation": {"angle": 0, "axis": "y", "origin": [4.9, 15.8, 7.9]},
			"faces": {
				"north": {"uv": [8.5, 8.5, 9, 10], "texture": "#4"},
				"east": {"uv": [8, 8.5, 8.5, 10], "texture": "#4"},
				"south": {"uv": [8.5, 8.5, 9, 10], "texture": "#4"},
				"west": {"uv": [8, 8.5, 8.5, 10], "texture": "#4"},
				"up": {"uv": [8.5, 8.5, 8.5, 8.5], "texture": "#4"},
				"down": {"uv": [8.5, 9.5, 8.5, 9.5], "texture": "#4"}
			}
		},
		{
			"from": [5.15, 14.75, 7.9],
			"to": [5.3, 15.45, 8.1],
			"rotation": {"angle": 0, "axis": "y", "origin": [4.5, 15.7, 7.9]},
			"faces": {
				"north": {"uv": [8.5, 8.5, 9, 10], "texture": "#4"},
				"east": {"uv": [8, 8.5, 8.5, 10], "texture": "#4"},
				"south": {"uv": [8.5, 8.5, 9, 10], "texture": "#4"},
				"west": {"uv": [8, 8.5, 8.5, 10], "texture": "#4"},
				"up": {"uv": [8.5, 8.5, 8.5, 8.5], "texture": "#4"},
				"down": {"uv": [8.5, 9.5, 8.5, 9.5], "texture": "#4"}
			}
		},
		{
			"from": [5.3, 14.85, 7.9],
			"to": [5.45, 15.55, 8.1],
			"rotation": {"angle": 0, "axis": "y", "origin": [4.65, 15.7, 7.9]},
			"faces": {
				"north": {"uv": [8.5, 8.5, 9, 10], "texture": "#4"},
				"east": {"uv": [8, 8.5, 8.5, 10], "texture": "#4"},
				"south": {"uv": [8.5, 8.5, 9, 10], "texture": "#4"},
				"west": {"uv": [8, 8.5, 8.5, 10], "texture": "#4"},
				"up": {"uv": [8.5, 8.5, 8.5, 8.5], "texture": "#4"},
				"down": {"uv": [8.5, 9.5, 8.5, 9.5], "texture": "#4"}
			}
		},
		{
			"from": [5.25, 14.85, 7.8],
			"to": [5.3, 15.35, 7.9],
			"rotation": {"angle": 0, "axis": "y", "origin": [4.5, 15.7, 7.7]},
			"faces": {
				"north": {"uv": [9, 9.5, 9.5, 11], "texture": "#4"},
				"east": {"uv": [8, 11, 8.5, 12.5], "texture": "#4"},
				"south": {"uv": [8.5, 9, 9, 10.5], "texture": "#4"},
				"west": {"uv": [9, 9.5, 9.5, 11], "texture": "#4"},
				"up": {"uv": [8.5, 11.5, 9, 12], "texture": "#4"},
				"down": {"uv": [8, 12.5, 8.5, 13], "texture": "#4"}
			}
		},
		{
			"from": [5.45, 15.05, 7.8],
			"to": [5.7, 15.55, 7.9],
			"rotation": {"angle": 0, "axis": "y", "origin": [4.9, 15.8, 7.7]},
			"faces": {
				"north": {"uv": [8, 8, 8.5, 9.5], "texture": "#4"},
				"east": {"uv": [8.5, 9, 9, 10.5], "texture": "#4"},
				"south": {"uv": [9.5, 9, 10, 10.5], "texture": "#4"},
				"west": {"uv": [9, 9.5, 9.5, 11], "texture": "#4"},
				"up": {"uv": [9, 8.5, 9.5, 9], "texture": "#4"},
				"down": {"uv": [9, 8.5, 9.5, 9], "texture": "#4"}
			}
		},
		{
			"from": [5.3, 14.95, 7.8],
			"to": [5.45, 15.45, 7.9],
			"rotation": {"angle": 0, "axis": "y", "origin": [4.65, 15.7, 7.7]},
			"faces": {
				"north": {"uv": [9.5, 9.5, 10, 11], "texture": "#4"},
				"east": {"uv": [8, 9.5, 8.5, 11], "texture": "#4"},
				"south": {"uv": [8.5, 9, 9, 10.5], "texture": "#4"},
				"west": {"uv": [9.5, 9.5, 10, 11], "texture": "#4"},
				"up": {"uv": [9, 10.5, 9.5, 11], "texture": "#4"},
				"down": {"uv": [8.5, 9.5, 9, 10], "texture": "#4"}
			}
		},
		{
			"from": [5.7, 15.15, 7.8],
			"to": [5.95, 15.75, 7.9],
			"rotation": {"angle": 0, "axis": "y", "origin": [5.15, 15.9, 7.7]},
			"faces": {
				"north": {"uv": [8, 8, 8.5, 9.5], "texture": "#4"},
				"east": {"uv": [8.5, 9, 9, 10.5], "texture": "#4"},
				"south": {"uv": [9.5, 9, 10, 10.5], "texture": "#4"},
				"west": {"uv": [9, 9.5, 9.5, 11], "texture": "#4"},
				"up": {"uv": [9, 8.5, 9.5, 9], "texture": "#4"},
				"down": {"uv": [9, 8.5, 9.5, 9], "texture": "#4"}
			}
		},
		{
			"from": [5.95, 15.25, 7.8],
			"to": [6.2, 15.85, 7.9],
			"rotation": {"angle": 0, "axis": "y", "origin": [5.4, 16, 7.7]},
			"faces": {
				"north": {"uv": [9, 9.5, 9.5, 11], "texture": "#4"},
				"east": {"uv": [8, 11, 8.5, 12.5], "texture": "#4"},
				"south": {"uv": [8.5, 9, 9, 10.5], "texture": "#4"},
				"west": {"uv": [9, 9.5, 9.5, 11], "texture": "#4"},
				"up": {"uv": [8.5, 11.5, 9, 12], "texture": "#4"},
				"down": {"uv": [8, 12.5, 8.5, 13], "texture": "#4"}
			}
		},
		{
			"from": [6.2, 15.2, 7.8],
			"to": [6.45, 15.9, 7.9],
			"rotation": {"angle": 0, "axis": "y", "origin": [5.65, 16, 7.7]},
			"faces": {
				"north": {"uv": [8, 8, 8.5, 9.5], "texture": "#4"},
				"east": {"uv": [8.5, 9, 9, 10.5], "texture": "#4"},
				"south": {"uv": [9.5, 9, 10, 10.5], "texture": "#4"},
				"west": {"uv": [9, 9.5, 9.5, 11], "texture": "#4"},
				"up": {"uv": [9, 8.5, 9.5, 9], "texture": "#4"},
				"down": {"uv": [9, 8.5, 9.5, 9], "texture": "#4"}
			}
		},
		{
			"from": [6.45, 15.15, 7.8],
			"to": [6.7, 16, 7.9],
			"rotation": {"angle": 0, "axis": "y", "origin": [5.9, 16.1, 7.7]},
			"faces": {
				"north": {"uv": [9.5, 9.5, 10, 11], "texture": "#4"},
				"east": {"uv": [8, 9.5, 8.5, 11], "texture": "#4"},
				"south": {"uv": [8.5, 9, 9, 10.5], "texture": "#4"},
				"west": {"uv": [9.5, 9.5, 10, 11], "texture": "#4"},
				"up": {"uv": [9, 10.5, 9.5, 11], "texture": "#4"},
				"down": {"uv": [8.5, 9.5, 9, 10], "texture": "#4"}
			}
		},
		{
			"from": [6.7, 15.1, 7.8],
			"to": [6.95, 16.05, 7.9],
			"rotation": {"angle": 0, "axis": "y", "origin": [6.15, 16.1, 7.7]},
			"faces": {
				"north": {"uv": [9.5, 9.5, 10, 11], "texture": "#4"},
				"east": {"uv": [8, 9.5, 8.5, 11], "texture": "#4"},
				"south": {"uv": [8.5, 9, 9, 10.5], "texture": "#4"},
				"west": {"uv": [9.5, 9.5, 10, 11], "texture": "#4"},
				"up": {"uv": [9, 10.5, 9.5, 11], "texture": "#4"},
				"down": {"uv": [8.5, 9.5, 9, 10], "texture": "#4"}
			}
		},
		{
			"from": [6.95, 15.2, 7.8],
			"to": [7.45, 16, 7.9],
			"rotation": {"angle": 0, "axis": "y", "origin": [7.2, 16.1, 7.7]},
			"faces": {
				"north": {"uv": [8, 8, 8.5, 9.5], "texture": "#4"},
				"east": {"uv": [8.5, 9, 9, 10.5], "texture": "#4"},
				"south": {"uv": [9.5, 9, 10, 10.5], "texture": "#4"},
				"west": {"uv": [9, 9.5, 9.5, 11], "texture": "#4"},
				"up": {"uv": [9, 8.5, 9.5, 9], "texture": "#4"},
				"down": {"uv": [9, 8.5, 9.5, 9], "texture": "#4"}
			}
		},
		{
			"from": [7.5, 16, 7],
			"to": [8.5, 16.7, 7.45],
			"rotation": {"angle": 0, "axis": "y", "origin": [8, 16.5, 7.35]},
			"faces": {
				"north": {"uv": [5.5, 8, 7, 9.5], "texture": "#4"},
				"east": {"uv": [2.5, 8, 3, 9], "texture": "#4"},
				"west": {"uv": [3.5, 8, 4, 9], "texture": "#4"},
				"up": {"uv": [0, 0, 0.5, 0.225], "texture": "#4"},
				"down": {"uv": [3, 8, 4, 8.5], "texture": "#4"}
			}
		},
		{
			"from": [7.6, 15.3, 7],
			"to": [8.4, 16, 7.45],
			"rotation": {"angle": 0, "axis": "y", "origin": [8, 15.8, 7.35]},
			"faces": {
				"north": {"uv": [5.5, 9, 7, 10.5], "texture": "#4"},
				"east": {"uv": [3.5, 8, 4, 9], "texture": "#4"},
				"west": {"uv": [3, 8, 3.5, 9], "texture": "#4"},
				"down": {"uv": [3.5, 8, 4.5, 8.5], "texture": "#4"}
			}
		},
		{
			"from": [7.25, 16.7, 6.9],
			"to": [8.75, 17.9, 7.45],
			"rotation": {"angle": 0, "axis": "y", "origin": [8, 18.2, 7.35]},
			"faces": {
				"north": {"uv": [2, 8, 4.5, 9.5], "texture": "#4"},
				"east": {"uv": [5.5, 8, 6, 9.5], "texture": "#4"},
				"west": {"uv": [4.5, 8, 5, 9.5], "texture": "#4"},
				"up": {"uv": [3, 8, 4.5, 8.5], "texture": "#4"},
				"down": {"uv": [3.5, 8, 5, 8.5], "texture": "#4"}
			}
		},
		{
			"from": [7.55, 17.1, 6.75],
			"to": [8.45, 17.9, 6.9],
			"rotation": {"angle": 0, "axis": "y", "origin": [8, 18.2, 6.8]},
			"faces": {
				"north": {"uv": [4.5, 8, 6, 9.5], "texture": "#4"},
				"east": {"uv": [3.5, 8, 4, 9], "texture": "#4"},
				"west": {"uv": [5, 8, 5.5, 9], "texture": "#4"},
				"up": {"uv": [5.5, 8, 7, 8.5], "texture": "#4"},
				"down": {"uv": [4.5, 8, 6, 8.5], "texture": "#4"}
			}
		},
		{
			"from": [9, 17.9, 7.2],
			"to": [9.45, 18.35, 8.5],
			"rotation": {"angle": 22.5, "axis": "y", "origin": [8.75, 17.9, 8.7]},
			"faces": {
				"north": {"uv": [4.5, 9, 6, 9.5], "texture": "#4"},
				"east": {"uv": [4.5, 8.5, 6, 9], "texture": "#4"},
				"south": {"uv": [4.5, 8, 6, 8.5], "texture": "#4"},
				"west": {"uv": [4.5, 8.5, 6, 9], "texture": "#4"},
				"up": {"uv": [4.5, 8, 5, 9.5], "texture": "#4"},
				"down": {"uv": [5, 8, 5.5, 9.5], "texture": "#4"}
			}
		},
		{
			"from": [9.45, 16.7, 8.3],
			"to": [9.9, 18, 8.65],
			"rotation": {"angle": 22.5, "axis": "z", "origin": [9.25, 16.5, 8.3]},
			"faces": {
				"north": {"uv": [4.5, 8, 5, 9.5], "texture": "#4"},
				"east": {"uv": [4.5, 8, 5, 9.5], "texture": "#4"},
				"south": {"uv": [5, 8, 5.5, 9.5], "texture": "#4"},
				"west": {"uv": [5, 8, 5.5, 9.5], "texture": "#4"},
				"up": {"uv": [4.5, 8, 5, 8.5], "texture": "#4"},
				"down": {"uv": [5, 8.5, 5.5, 9], "texture": "#4"}
			}
		},
		{
			"from": [6.1, 16.7, 8.3],
			"to": [6.55, 18, 8.65],
			"rotation": {"angle": -22.5, "axis": "z", "origin": [6.75, 16.5, 8.3]},
			"faces": {
				"north": {"uv": [5, 8, 4.5, 9.5], "texture": "#4"},
				"east": {"uv": [5.5, 8, 5, 9.5], "texture": "#4"},
				"south": {"uv": [5.5, 8, 5, 9.5], "texture": "#4"},
				"west": {"uv": [5, 8, 4.5, 9.5], "texture": "#4"},
				"up": {"uv": [5, 8, 4.5, 8.5], "texture": "#4"},
				"down": {"uv": [5.5, 8.5, 5, 9], "texture": "#4"}
			}
		},
		{
			"from": [6.55, 17.9, 7.2],
			"to": [7, 18.35, 8.5],
			"rotation": {"angle": -22.5, "axis": "y", "origin": [7.25, 17.9, 8.7]},
			"faces": {
				"north": {"uv": [5.5, 8, 6, 8.5], "texture": "#4"},
				"east": {"uv": [4.5, 8.5, 6, 9], "texture": "#4"},
				"south": {"uv": [5.5, 8.5, 6, 9], "texture": "#4"},
				"west": {"uv": [4.5, 8, 6, 8.5], "texture": "#4"},
				"up": {"uv": [4.5, 8, 5, 9.5], "texture": "#4"},
				"down": {"uv": [5, 8, 5.5, 9.5], "texture": "#4"}
			}
		},
		{
			"from": [8.35, 18.25, 6.8],
			"to": [8.9, 18.7, 7.3],
			"rotation": {"angle": -45, "axis": "x", "origin": [8.15, 18.25, 7.6]},
			"faces": {
				"north": {"uv": [5.5, 8.5, 6, 9], "texture": "#4"},
				"east": {"uv": [4, 8, 4.5, 8.5], "texture": "#4"},
				"south": {"uv": [3, 8.5, 3.5, 9], "texture": "#4"},
				"west": {"uv": [3.5, 8, 4, 8.5], "texture": "#4"},
				"up": {"uv": [4.5, 8, 5, 8.5], "texture": "#4"},
				"down": {"uv": [5, 8, 5.5, 8.5], "texture": "#4"}
			}
		},
		{
			"from": [8.85, 18.25, 8.1],
			"to": [9.3, 18.7, 8.6],
			"rotation": {"angle": -45, "axis": "x", "origin": [8.6, 18.25, 8.9]},
			"faces": {
				"north": {"uv": [4, 8, 4.5, 8.5], "texture": "#4"},
				"east": {"uv": [4, 8, 4.5, 8.5], "texture": "#4"},
				"south": {"uv": [4, 8, 4.5, 8.5], "texture": "#4"},
				"west": {"uv": [4, 8, 4.5, 8.5], "texture": "#4"},
				"up": {"uv": [4, 8, 4.5, 8.5], "texture": "#4"},
				"down": {"uv": [4, 8, 4.5, 8.5], "texture": "#4"}
			}
		},
		{
			"from": [6.7, 18.25, 8.1],
			"to": [7.15, 18.7, 8.6],
			"rotation": {"angle": -45, "axis": "x", "origin": [7.4, 18.25, 8.9]},
			"faces": {
				"north": {"uv": [4.5, 8, 4, 8.5], "texture": "#4"},
				"east": {"uv": [4.5, 8, 4, 8.5], "texture": "#4"},
				"south": {"uv": [4.5, 8, 4, 8.5], "texture": "#4"},
				"west": {"uv": [4.5, 8, 4, 8.5], "texture": "#4"},
				"up": {"uv": [4.5, 8, 4, 8.5], "texture": "#4"},
				"down": {"uv": [4.5, 8, 4, 8.5], "texture": "#4"}
			}
		},
		{
			"from": [7.1, 18.25, 6.8],
			"to": [7.65, 18.7, 7.3],
			"rotation": {"angle": -45, "axis": "x", "origin": [7.85, 18.25, 7.6]},
			"faces": {
				"north": {"uv": [4.5, 8, 5, 8.5], "texture": "#4"},
				"east": {"uv": [5.5, 8, 6, 8.5], "texture": "#4"},
				"south": {"uv": [4.5, 8, 5, 8.5], "texture": "#4"},
				"west": {"uv": [5, 8, 5.5, 8.5], "texture": "#4"},
				"up": {"uv": [6.5, 8, 7, 8.5], "texture": "#4"},
				"down": {"uv": [5.5, 8, 6, 8.5], "texture": "#4"}
			}
		},
		{
			"from": [6.9, 16.5, 7.45],
			"to": [9.1, 17.95, 7.8],
			"rotation": {"angle": 0, "axis": "y", "origin": [8, 16.9, 7.8]},
			"faces": {
				"north": {"uv": [0, 10, 2, 11.5], "texture": "#4"},
				"east": {"uv": [2, 10, 3, 11.5], "texture": "#4"},
				"south": {"uv": [2, 10, 2.5, 11], "texture": "#4"},
				"west": {"uv": [3, 10, 2, 11.5], "texture": "#4"},
				"up": {"uv": [0, 10, 2, 10.5], "texture": "#4"},
				"down": {"uv": [2, 10.5, 3, 10.5], "rotation": 90, "texture": "#4"}
			}
		},
		{
			"from": [7.25, 15.2, 7.45],
			"to": [8.75, 16.5, 7.8],
			"rotation": {"angle": 0, "axis": "y", "origin": [8, 16.3, 7.8]},
			"faces": {
				"north": {"uv": [0, 10, 1.5, 11.5], "texture": "#4"},
				"east": {"uv": [2, 10, 3, 11.5], "texture": "#4"},
				"west": {"uv": [3, 10, 2, 11.5], "texture": "#4"},
				"up": {"uv": [0, 0, 0.75, 0.175], "texture": "#4"},
				"down": {"uv": [2, 10.5, 3, 10.5], "rotation": 90, "texture": "#4"}
			}
		},
		{
			"from": [7.6, 14.5, 7.45],
			"to": [8.4, 15.2, 7.8],
			"rotation": {"angle": 0, "axis": "y", "origin": [8, 15, 7.8]},
			"faces": {
				"north": {"uv": [1, 10, 2, 11], "texture": "#4"},
				"east": {"uv": [2, 10.5, 3, 11.5], "texture": "#4"},
				"west": {"uv": [3, 10, 2, 11], "texture": "#4"},
				"up": {"uv": [0, 0, 0.4, 0.175], "texture": "#4"},
				"down": {"uv": [2, 10.5, 3, 10.5], "rotation": 90, "texture": "#4"}
			}
		},
		{
			"from": [10, 16.85, 7.55],
			"to": [10.55, 17.95, 8.45],
			"rotation": {"angle": 0, "axis": "y", "origin": [9.75, 18, 8]},
			"faces": {
				"north": {"uv": [0, 8, 1, 9.5], "texture": "#4"},
				"east": {"uv": [0.5, 8.5, 1, 9], "texture": "#4"},
				"south": {"uv": [1, 8, 0, 9.5], "texture": "#4"},
				"west": {"uv": [0, 8.5, 0.5, 9], "texture": "#4"},
				"up": {"uv": [0, 8.5, 1, 9.5], "texture": "#4"},
				"down": {"uv": [0, 8, 1, 9], "texture": "#4"}
			}
		},
		{
			"from": [5.45, 16.85, 7.55],
			"to": [6, 17.95, 8.45],
			"rotation": {"angle": 0, "axis": "y", "origin": [5.2, 18, 8]},
			"faces": {
				"north": {"uv": [0, 9.5, 1, 8], "texture": "#4"},
				"east": {"uv": [0.5, 9, 1, 9.5], "texture": "#4"},
				"south": {"uv": [0, 8, 1, 9.5], "texture": "#4"},
				"west": {"uv": [0, 8.5, 0.5, 9], "texture": "#4"},
				"up": {"uv": [0, 8, 1, 9], "texture": "#4"},
				"down": {"uv": [0, 8, 1, 9], "texture": "#4"}
			}
		},
		{
			"from": [10.55, 16.55, 7.65],
			"to": [10.85, 17.95, 8.35],
			"rotation": {"angle": 0, "axis": "y", "origin": [10.3, 18, 8]},
			"faces": {
				"north": {"uv": [0, 8, 0.5, 9.5], "texture": "#4"},
				"east": {"uv": [1, 8, 2, 10], "texture": "#4"},
				"south": {"uv": [0, 8, 0.5, 9.5], "texture": "#4"},
				"west": {"uv": [0, 8, 1, 9], "texture": "#4"},
				"up": {"uv": [0, 8, 1, 8.5], "texture": "#4"},
				"down": {"uv": [0, 8.5, 1, 9], "texture": "#4"}
			}
		},
		{
			"from": [5.15, 16.55, 7.65],
			"to": [5.45, 17.95, 8.35],
			"rotation": {"angle": 0, "axis": "y", "origin": [4.95, 18, 8]},
			"faces": {
				"north": {"uv": [0, 8, 0.5, 9.5], "texture": "#4"},
				"east": {"uv": [0, 8, 1, 9], "texture": "#4"},
				"south": {"uv": [0, 8, 0.5, 9.5], "texture": "#4"},
				"west": {"uv": [2, 8, 1, 10], "texture": "#4"},
				"up": {"uv": [0, 8.5, 1, 9], "texture": "#4"},
				"down": {"uv": [0, 8.5, 1, 9], "texture": "#4"}
			}
		},
		{
			"from": [10.15, 17.85, 7.88],
			"to": [10.4, 18.15, 8.13],
			"rotation": {"angle": 22.5, "axis": "z", "origin": [9.9, 18.6, 7.6]},
			"faces": {
				"north": {"uv": [0, 8.5, 0.5, 9], "texture": "#4"},
				"east": {"uv": [0.5, 9, 1, 9.5], "texture": "#4"},
				"south": {"uv": [0.5, 8.5, 1, 9], "texture": "#4"},
				"west": {"uv": [0.5, 8, 1, 8.5], "texture": "#4"},
				"up": {"uv": [0.5, 9, 1, 9.5], "texture": "#4"},
				"down": {"uv": [0.5, 8, 1, 8.5], "texture": "#4"}
			}
		},
		{
			"from": [5.6, 17.85, 7.88],
			"to": [5.85, 18.15, 8.13],
			"rotation": {"angle": -22.5, "axis": "z", "origin": [6.1, 18.6, 7.6]},
			"faces": {
				"north": {"uv": [0, 8.5, 0.5, 9], "texture": "#4"},
				"east": {"uv": [0.5, 9, 1, 9.5], "texture": "#4"},
				"south": {"uv": [0.5, 8.5, 1, 9], "texture": "#4"},
				"west": {"uv": [0.5, 8, 1, 8.5], "texture": "#4"},
				"up": {"uv": [0.5, 9, 1, 9.5], "texture": "#4"},
				"down": {"uv": [0.5, 8, 1, 8.5], "texture": "#4"}
			}
		},
		{
			"from": [10.1, 17.65, 7.83],
			"to": [10.45, 17.85, 8.18],
			"rotation": {"angle": 22.5, "axis": "z", "origin": [9.9, 18.6, 7.6]},
			"faces": {
				"north": {"uv": [0, 8.5, 0.5, 9], "texture": "#4"},
				"east": {"uv": [0.5, 9, 1, 9.5], "texture": "#4"},
				"south": {"uv": [0.5, 8.5, 1, 9], "texture": "#4"},
				"west": {"uv": [0.5, 8, 1, 8.5], "texture": "#4"},
				"up": {"uv": [0.5, 9, 1, 9.5], "texture": "#4"},
				"down": {"uv": [0.5, 8, 1, 8.5], "texture": "#4"}
			}
		},
		{
			"from": [5.55, 17.65, 7.83],
			"to": [5.9, 17.85, 8.18],
			"rotation": {"angle": -22.5, "axis": "z", "origin": [6.1, 18.6, 7.6]},
			"faces": {
				"north": {"uv": [0, 8.5, 0.5, 9], "texture": "#4"},
				"east": {"uv": [0.5, 9, 1, 9.5], "texture": "#4"},
				"south": {"uv": [0.5, 8.5, 1, 9], "texture": "#4"},
				"west": {"uv": [0.5, 8, 1, 8.5], "texture": "#4"},
				"up": {"uv": [0.5, 9, 1, 9.5], "texture": "#4"},
				"down": {"uv": [0.5, 8, 1, 8.5], "texture": "#4"}
			}
		},
		{
			"from": [8.8, 16.9, 7.6],
			"to": [10, 17.9, 8.4],
			"rotation": {"angle": 0, "axis": "y", "origin": [9.3, 17.9, 7.9]},
			"faces": {
				"north": {"uv": [9.5, 1, 8, 2], "texture": "#4"},
				"south": {"uv": [8, 1, 9.5, 2], "texture": "#4"},
				"up": {"uv": [8, 2, 9.5, 1], "texture": "#4"},
				"down": {"uv": [8, 1, 9.5, 2], "texture": "#4"}
			}
		},
		{
			"from": [6, 16.9, 7.6],
			"to": [7.2, 17.9, 8.4],
			"rotation": {"angle": 0, "axis": "y", "origin": [6.4, 17.9, 7.9]},
			"faces": {
				"north": {"uv": [8, 1, 9.5, 2], "texture": "#4"},
				"south": {"uv": [8, 1, 9.5, 2], "texture": "#4"},
				"up": {"uv": [8, 1, 9.5, 2], "texture": "#4"},
				"down": {"uv": [8, 1, 9.5, 2], "texture": "#4"}
			}
		},
		{
			"from": [7.6, 21.2, 7.6],
			"to": [8.4, 21.8, 8.4],
			"rotation": {"angle": 0, "axis": "y", "origin": [8, 22.1, 8]},
			"faces": {
				"north": {"uv": [8, 0, 8.4, 0.3], "texture": "#4"},
				"east": {"uv": [9, 0.5, 9.5, 1], "texture": "#4"},
				"south": {"uv": [8.5, 0, 9, 0.5], "texture": "#4"},
				"west": {"uv": [8, 0, 8.4, 0.3], "texture": "#4"},
				"up": {"uv": [8, 0, 8.4, 0.4], "texture": "#4"},
				"down": {"uv": [8, 0, 8.4, 0.4], "texture": "#4"}
			}
		},
		{
			"from": [7.15, 14.7, 7.85],
			"to": [8.85, 16.1, 8.15],
			"rotation": {"angle": 0, "axis": "y", "origin": [8, 16.1, 7.9]},
			"faces": {
				"north": {"uv": [1.14286, 2.28572, 6.85715, 3.42857], "texture": "#4"},
				"east": {"uv": [9, 8, 9.5, 9.5], "texture": "#4"},
				"south": {"uv": [1.14286, 2.28572, 6.85715, 3.42857], "texture": "#4"},
				"west": {"uv": [8, 8, 8.5, 9.5], "texture": "#4"},
				"up": {"uv": [8.5, 11.5, 10, 12], "texture": "#4"}
			}
		},
		{
			"from": [6.75, 14.4, 7.85],
			"to": [9.1, 14.7, 8.15],
			"rotation": {"angle": 0, "axis": "y", "origin": [8.1, 14.7, 7.9]},
			"faces": {
				"north": {"uv": [9.5, 8.5, 14.5, 9.5], "texture": "#4"},
				"south": {"uv": [14.5, 8.5, 9.5, 9.5], "texture": "#4"},
				"west": {"uv": [12.5, 8, 13, 8.5], "texture": "#4"},
				"up": {"uv": [8, 8.5, 11, 9], "texture": "#4"},
				"down": {"uv": [8, 8.5, 11, 9], "texture": "#4"}
			}
		},
		{
			"from": [6.95, 14.1, 7.85],
			"to": [7.2, 14.4, 8.15],
			"rotation": {"angle": 0, "axis": "y", "origin": [8.15, 14.4, 7.9]},
			"faces": {
				"north": {"uv": [9, 10, 9.5, 10.5], "texture": "#4"},
				"south": {"uv": [12.5, 8, 13, 8.5], "texture": "#4"},
				"west": {"uv": [8, 8, 8.5, 8.5], "texture": "#4"},
				"down": {"uv": [12.5, 8, 13, 8.5], "texture": "#4"}
			}
		},
		{
			"from": [8.8, 14.2, 7.85],
			"to": [9.15, 14.4, 8.15],
			"rotation": {"angle": 0, "axis": "y", "origin": [9.9, 14.4, 7.9]},
			"faces": {
				"north": {"uv": [12.5, 8, 13, 8.5], "texture": "#4"},
				"east": {"uv": [12.5, 8, 13, 8.5], "texture": "#4"},
				"south": {"uv": [12.5, 8, 13, 8.5], "texture": "#4"},
				"west": {"uv": [0, 0, 0, 0], "texture": "#4"},
				"down": {"uv": [12.5, 8, 13, 8.5], "texture": "#4"}
			}
		},
		{
			"from": [8.8, 13.7, 7.85],
			"to": [9.05, 14, 8.15],
			"rotation": {"angle": 0, "axis": "y", "origin": [9.9, 14, 7.9]},
			"faces": {
				"north": {"uv": [12.5, 8, 13, 8.5], "texture": "#4"},
				"east": {"uv": [8.5, 10.5, 9, 11], "texture": "#4"},
				"south": {"uv": [10.5, 9.5, 11, 10], "texture": "#4"},
				"up": {"uv": [8.5, 10, 9, 10.5], "texture": "#4"},
				"down": {"uv": [8, 12.5, 8.5, 13], "texture": "#4"}
			}
		},
		{
			"from": [8.8, 12.8, 7.85],
			"to": [9.05, 13.1, 8.15],
			"rotation": {"angle": 0, "axis": "y", "origin": [9.9, 13, 7.9]},
			"faces": {
				"north": {"uv": [12.5, 8, 13, 8.5], "texture": "#4"},
				"east": {"uv": [8.5, 10.5, 9, 11], "texture": "#4"},
				"south": {"uv": [10.5, 9.5, 11, 10], "texture": "#4"},
				"up": {"uv": [8.5, 10, 9, 10.5], "texture": "#4"},
				"down": {"uv": [8, 12.5, 8.5, 13], "texture": "#4"}
			}
		},
		{
			"from": [8.8, 12.3, 7.85],
			"to": [9.05, 12.6, 8.15],
			"rotation": {"angle": 0, "axis": "y", "origin": [9.9, 12.5, 7.9]},
			"faces": {
				"north": {"uv": [12.5, 8, 13, 8.5], "texture": "#4"},
				"east": {"uv": [8.5, 10.5, 9, 11], "texture": "#4"},
				"south": {"uv": [10.5, 9.5, 11, 10], "texture": "#4"},
				"up": {"uv": [8.5, 10, 9, 10.5], "texture": "#4"},
				"down": {"uv": [8, 12.5, 8.5, 13], "texture": "#4"}
			}
		},
		{
			"from": [9.1, 14.4, 7.85],
			"to": [9.35, 14.85, 8.15],
			"rotation": {"angle": 0, "axis": "y", "origin": [10.2, 14.6, 7.9]},
			"faces": {
				"north": {"uv": [12.5, 8, 13, 8.5], "texture": "#4"},
				"east": {"uv": [12.5, 8, 13, 8.5], "texture": "#4"},
				"south": {"uv": [12.5, 8, 13, 8.5], "texture": "#4"},
				"west": {"uv": [12.5, 8, 13, 8.5], "texture": "#4"},
				"up": {"uv": [12.5, 8, 13, 8.5], "texture": "#4"},
				"down": {"uv": [12.5, 8, 13, 8.5], "texture": "#4"}
			}
		},
		{
			"from": [7.2, 12, 7.85],
			"to": [8.8, 14.4, 8.15],
			"rotation": {"angle": 0, "axis": "y", "origin": [8.1, 14.4, 7.9]},
			"faces": {
				"north": {"uv": [9, 8.5, 14.5, 16], "texture": "#4"},
				"east": {"uv": [8, 9.5, 8.5, 12], "texture": "#4"},
				"south": {"uv": [9, 8.5, 14.5, 16], "texture": "#4"},
				"west": {"uv": [8.5, 9, 9, 11.5], "texture": "#4"}
			}
		},
		{
			"from": [7.15, 11.1, 7.8],
			"to": [8.85, 12, 8.2],
			"rotation": {"angle": 0, "axis": "y", "origin": [8.1, 13.7, 7.9]},
			"faces": {
				"north": {"uv": [9, 10, 14.5, 12.5], "texture": "#4"},
				"east": {"uv": [8, 8.5, 8.5, 10.5], "texture": "#4"},
				"south": {"uv": [9, 10, 14.5, 12.5], "texture": "#4"},
				"west": {"uv": [8, 8.5, 8.5, 10.5], "texture": "#4"},
				"up": {"uv": [9, 10, 14.5, 10.5], "texture": "#4"},
				"down": {"uv": [8, 9.5, 9, 9.5], "texture": "#4"}
			}
		},
		{
			"from": [7.25, 4.1, 7.85],
			"to": [8.75, 11.1, 8.15],
			"rotation": {"angle": 0, "axis": "y", "origin": [8.1, 6.6, 7.9]},
			"faces": {
				"north": {"uv": [0, 0, 8, 8], "texture": "#4"},
				"east": {"uv": [0, 0, 0.5, 8], "texture": "#4"},
				"south": {"uv": [0, 0, 8, 8], "texture": "#4"},
				"west": {"uv": [0, 0, 0.5, 8], "texture": "#4"},
				"down": {"uv": [8, 8, 8, 8], "texture": "#4"}
			}
		},
		{
			"from": [7.35, 1.6, 7.85],
			"to": [8.65, 4.1, 8.15],
			"rotation": {"angle": 0, "axis": "y", "origin": [8.1, 4.1, 7.9]},
			"faces": {
				"north": {"uv": [0, 1.14286, 8, 5.71429], "texture": "#4"},
				"east": {"uv": [8, 8, 8.5, 12.5], "texture": "#4"},
				"south": {"uv": [0, 1.14286, 8, 5.71429], "texture": "#4"},
				"west": {"uv": [8, 8, 8.5, 12.5], "texture": "#4"},
				"up": {"uv": [0, 0, 0.65, 0.15], "texture": "#4"},
				"down": {"uv": [8, 8.5, 8.5, 8.5], "texture": "#4"}
			}
		},
		{
			"from": [7.55, 0.2, 7.85],
			"to": [8.45, 1.6, 8.15],
			"rotation": {"angle": 0, "axis": "y", "origin": [8.1, 1.6, 7.9]},
			"faces": {
				"north": {"uv": [1.14286, 3.42857, 6.85715, 6.85715], "texture": "#4"},
				"east": {"uv": [8, 8, 8.5, 11.5], "texture": "#4"},
				"south": {"uv": [1.14286, 3.42857, 6.85715, 6.85715], "texture": "#4"},
				"west": {"uv": [8, 8, 8.5, 11.5], "texture": "#4"},
				"down": {"uv": [8, 8, 10, 8.5], "texture": "#4"}
			}
		},
		{
			"from": [7.8, -0.35, 7.85],
			"to": [8.2, 0, 8.15],
			"rotation": {"angle": 0, "axis": "y", "origin": [8.1, 0, 7.9]},
			"faces": {
				"north": {"uv": [8, 9, 9.5, 11.5], "texture": "#4"},
				"east": {"uv": [9, 11.5, 9.5, 13.5], "texture": "#4"},
				"south": {"uv": [8, 8.5, 9, 10.5], "texture": "#4"},
				"west": {"uv": [8.5, 8.5, 9, 10.5], "texture": "#4"},
				"down": {"uv": [8, 8, 9, 8.5], "texture": "#4"}
			}
		},
		{
			"from": [7.7, 0, 7.85],
			"to": [8.3, 0.2, 8.15],
			"rotation": {"angle": 0, "axis": "y", "origin": [8.1, 0.35, 7.9]},
			"faces": {
				"north": {"uv": [8, 9, 9.5, 11.5], "texture": "#4"},
				"east": {"uv": [9, 11.5, 9.5, 13.5], "texture": "#4"},
				"south": {"uv": [8, 8.5, 9, 10.5], "texture": "#4"},
				"west": {"uv": [8.5, 8.5, 9, 10.5], "texture": "#4"},
				"down": {"uv": [8, 8, 9, 8.5], "texture": "#4"}
			}
		}
	],
	"display": {
		"thirdperson_righthand": {
			"rotation": [-180, -90, 0],
			"translation": [-0.25, 14.75, 1.25],
			"scale": [1.75, 1.45, 2]
		},
		"thirdperson_lefthand": {
			"rotation": [-180, -90, 0],
			"translation": [-0.25, 14.75, 1.25],
			"scale": [1.75, 1.45, 2]
		},
		"firstperson_righthand": {
			"rotation": [-146.75, -113, 31],
			"translation": [-1.75, 13, 1.5],
			"scale": [1.4, 1.4, 1.85]
		},
		"firstperson_lefthand": {
			"rotation": [-146.75, -113, 31],
			"translation": [-1.75, 13, 1.5],
			"scale": [1.4, 1.4, 1.85]
		},
		"ground": {
			"translation": [0, 6.25, 0],
			"scale": [1.5, 1.2, 1.75]
		},
		"gui": {
			"rotation": [0, -180, 0],
			"translation": [0, -3, 0],
			"scale": [1.05, 0.65, 1]
		},
		"head": {
			"rotation": [-32.25, -90, 0],
			"translation": [7.5, -34, 5.5],
			"scale": [1.75, 1.45, 2]
		},
		"fixed": {
			"translation": [0, -3.25, 0],
			"scale": [0.8, 0.8, 0.8]
		}
	},
	"groups": [
		{
			"name": "handle",
			"origin": [8, 8, 8],
			"children": [0, 1, 2, 3, 4, 5, 6, 7,
				{
					"name": "spikies",
					"origin": [8.8, 4, 7.7],
					"children": [8, 9, 10, 11, 12, 13, 14, 15, 16, 17, 18, 19, 20, 21, 22, 23, 24, 25, 26, 27, 28, 29, 30, 31, 32, 33, 34]
				},
				{
					"name": "spikies",
					"origin": [8.8, 4, 7.7],
					"children": [35, 36, 37, 38, 39, 40, 41, 42, 43, 44, 45, 46, 47, 48, 49, 50, 51, 52, 53, 54, 55, 56, 57, 58, 59, 60, 61]
				},
				{
					"name": "skull",
					"origin": [8, 2.6, 7.8],
					"children": [62, 63, 64, 65, 66, 67, 68, 69, 70, 71, 72, 73]
				}, 74, 75, 76, 77, 78, 79, 80, 81, 82, 83, 84, 85, 86, 87]
		},
		{
			"name": "blade",
			"origin": [8, 8, 8],
			"children": [88, 89, 90, 91, 92, 93, 94, 95, 96, 97, 98, 99, 100, 101, 102]
		}
	]
}