{
	"texture_size": [64, 64],
	"textures": {
		"0": "pintcraft:item/stormlander"
	},
	"elements": [
		{
			"from": [7.5, 0, 0],
			"to": [8.5, 1, 2],
			"faces": {
				"north": {"uv": [2, 2.25, 2.25, 2.5], "texture": "#0"},
				"east": {"uv": [1.5, 2.25, 2, 2.5], "texture": "#0"},
				"south": {"uv": [2.75, 2.25, 3, 2.5], "texture": "#0"},
				"west": {"uv": [2.25, 2.25, 2.75, 2.5], "texture": "#0"},
				"up": {"uv": [2.25, 2.25, 2, 1.75], "texture": "#0"},
				"down": {"uv": [2.5, 1.75, 2.25, 2.25], "texture": "#0"}
			}
		},
		{
			"from": [7.5, 5, 4],
			"to": [8.5, 6, 7],
			"rotation": {"angle": 0, "axis": "y", "origin": [8, 13, 12]},
			"faces": {
				"north": {"uv": [4.75, 6.5, 5, 6.75], "texture": "#0"},
				"east": {"uv": [4, 6.5, 4.75, 6.75], "texture": "#0"},
				"south": {"uv": [5.75, 6.5, 6, 6.75], "texture": "#0"},
				"west": {"uv": [5, 6.5, 5.75, 6.75], "texture": "#0"},
				"up": {"uv": [5, 6.5, 4.75, 5.75], "texture": "#0"},
				"down": {"uv": [5.25, 5.75, 5, 6.5], "texture": "#0"}
			}
		},
		{
			"from": [7.5, 6, 5],
			"to": [8.5, 7, 8],
			"rotation": {"angle": 0, "axis": "y", "origin": [8, 14, 13]},
			"faces": {
				"north": {"uv": [2.75, 6.5, 3, 6.75], "texture": "#0"},
				"east": {"uv": [2, 6.5, 2.75, 6.75], "texture": "#0"},
				"south": {"uv": [3.75, 6.5, 4, 6.75], "texture": "#0"},
				"west": {"uv": [3, 6.5, 3.75, 6.75], "texture": "#0"},
				"up": {"uv": [3, 6.5, 2.75, 5.75], "texture": "#0"},
				"down": {"uv": [3.25, 5.75, 3, 6.5], "texture": "#0"}
			}
		},
		{
			"from": [7.5, 7, 6],
			"to": [8.5, 8, 9],
			"rotation": {"angle": 0, "axis": "y", "origin": [8, 15, 14]},
			"faces": {
				"north": {"uv": [0.75, 6.5, 1, 6.75], "texture": "#0"},
				"east": {"uv": [0, 6.5, 0.75, 6.75], "texture": "#0"},
				"south": {"uv": [1.75, 6.5, 2, 6.75], "texture": "#0"},
				"west": {"uv": [1, 6.5, 1.75, 6.75], "texture": "#0"},
				"up": {"uv": [1, 6.5, 0.75, 5.75], "texture": "#0"},
				"down": {"uv": [1.25, 5.75, 1, 6.5], "texture": "#0"}
			}
		},
		{
			"from": [7.5, 8, 7],
			"to": [8.5, 9, 10],
			"rotation": {"angle": 0, "axis": "y", "origin": [8, 16, 15]},
			"faces": {
				"north": {"uv": [6, 6, 6.25, 6.25], "texture": "#0"},
				"east": {"uv": [5.25, 6, 6, 6.25], "texture": "#0"},
				"south": {"uv": [7, 6, 7.25, 6.25], "texture": "#0"},
				"west": {"uv": [6.25, 6, 7, 6.25], "texture": "#0"},
				"up": {"uv": [6.25, 6, 6, 5.25], "texture": "#0"},
				"down": {"uv": [6.5, 5.25, 6.25, 6], "texture": "#0"}
			}
		},
		{
			"from": [7.5, 9, 8],
			"to": [8.5, 10, 11],
			"rotation": {"angle": 0, "axis": "y", "origin": [8, 17, 16]},
			"faces": {
				"north": {"uv": [4.75, 5.5, 5, 5.75], "texture": "#0"},
				"east": {"uv": [4, 5.5, 4.75, 5.75], "texture": "#0"},
				"south": {"uv": [5.75, 5.5, 6, 5.75], "texture": "#0"},
				"west": {"uv": [5, 5.5, 5.75, 5.75], "texture": "#0"},
				"up": {"uv": [5, 5.5, 4.75, 4.75], "texture": "#0"},
				"down": {"uv": [5.25, 4.75, 5, 5.5], "texture": "#0"}
			}
		},
		{
			"from": [7.5, 10, 9],
			"to": [8.5, 11, 12],
			"rotation": {"angle": 0, "axis": "y", "origin": [8, 18, 17]},
			"faces": {
				"north": {"uv": [2.75, 5.5, 3, 5.75], "texture": "#0"},
				"east": {"uv": [2, 5.5, 2.75, 5.75], "texture": "#0"},
				"south": {"uv": [3.75, 5.5, 4, 5.75], "texture": "#0"},
				"west": {"uv": [3, 5.5, 3.75, 5.75], "texture": "#0"},
				"up": {"uv": [3, 5.5, 2.75, 4.75], "texture": "#0"},
				"down": {"uv": [3.25, 4.75, 3, 5.5], "texture": "#0"}
			}
		},
		{
			"from": [7.5, 11, 10],
			"to": [8.5, 12, 13],
			"rotation": {"angle": 0, "axis": "y", "origin": [8, 19, 18]},
			"faces": {
				"north": {"uv": [0.75, 5.5, 1, 5.75], "texture": "#0"},
				"east": {"uv": [0, 5.5, 0.75, 5.75], "texture": "#0"},
				"south": {"uv": [1.75, 5.5, 2, 5.75], "texture": "#0"},
				"west": {"uv": [1, 5.5, 1.75, 5.75], "texture": "#0"},
				"up": {"uv": [1, 5.5, 0.75, 4.75], "texture": "#0"},
				"down": {"uv": [1.25, 4.75, 1, 5.5], "texture": "#0"}
			}
		},
		{
			"from": [7.5, 12, 11],
			"to": [8.5, 13, 13],
			"rotation": {"angle": 0, "axis": "y", "origin": [8, 20, 19]},
			"faces": {
				"north": {"uv": [1.75, 1.5, 2, 1.75], "texture": "#0"},
				"east": {"uv": [1.25, 1.5, 1.75, 1.75], "texture": "#0"},
				"south": {"uv": [2.5, 1.5, 2.75, 1.75], "texture": "#0"},
				"west": {"uv": [2, 1.5, 2.5, 1.75], "texture": "#0"},
				"up": {"uv": [2, 1.5, 1.75, 1], "texture": "#0"},
				"down": {"uv": [2.25, 1, 2, 1.5], "texture": "#0"}
			}
		},
		{
			"from": [7.5, 3, 2],
			"to": [8.5, 4, 5],
			"rotation": {"angle": 0, "axis": "y", "origin": [8, 11, 10]},
			"faces": {
				"north": {"uv": [0.75, 2.75, 1, 3], "texture": "#0"},
				"east": {"uv": [0, 2.75, 0.75, 3], "texture": "#0"},
				"south": {"uv": [1.75, 2.75, 2, 3], "texture": "#0"},
				"west": {"uv": [1, 2.75, 1.75, 3], "texture": "#0"},
				"up": {"uv": [1, 2.75, 0.75, 2], "texture": "#0"},
				"down": {"uv": [1.25, 2, 1, 2.75], "texture": "#0"}
			}
		},
		{
			"from": [7.5, 4, 3],
			"to": [8.5, 5, 6],
			"rotation": {"angle": 0, "axis": "y", "origin": [8, 12, 11]},
			"faces": {
				"north": {"uv": [0.75, 1.75, 1, 2], "texture": "#0"},
				"east": {"uv": [0, 1.75, 0.75, 2], "texture": "#0"},
				"south": {"uv": [1.75, 1.75, 2, 2], "texture": "#0"},
				"west": {"uv": [1, 1.75, 1.75, 2], "texture": "#0"},
				"up": {"uv": [1, 1.75, 0.75, 1], "texture": "#0"},
				"down": {"uv": [1.25, 1, 1, 1.75], "texture": "#0"}
			}
		},
		{
			"from": [7.5, 2, 1],
			"to": [8.5, 3, 4],
			"rotation": {"angle": 0, "axis": "y", "origin": [8, 10, 9]},
			"faces": {
				"north": {"uv": [0.75, 0.75, 1, 1], "texture": "#0"},
				"east": {"uv": [0, 0.75, 0.75, 1], "texture": "#0"},
				"south": {"uv": [1.75, 0.75, 2, 1], "texture": "#0"},
				"west": {"uv": [1, 0.75, 1.75, 1], "texture": "#0"},
				"up": {"uv": [1, 0.75, 0.75, 0], "texture": "#0"},
				"down": {"uv": [1.25, 0, 1, 0.75], "texture": "#0"}
			}
		},
		{
			"from": [7.5, 1, 1],
			"to": [8.5, 2, 3],
			"rotation": {"angle": 0, "axis": "y", "origin": [8, 9, 8]},
			"faces": {
				"north": {"uv": [1.75, 0.5, 2, 0.75], "texture": "#0"},
				"east": {"uv": [1.25, 0.5, 1.75, 0.75], "texture": "#0"},
				"south": {"uv": [2.5, 0.5, 2.75, 0.75], "texture": "#0"},
				"west": {"uv": [2, 0.5, 2.5, 0.75], "texture": "#0"},
				"up": {"uv": [2, 0.5, 1.75, 0], "texture": "#0"},
				"down": {"uv": [2.25, 0, 2, 0.5], "texture": "#0"}
			}
		},
		{
			"from": [4.5, 5.4, 8.6],
			"to": [11.5, 12.4, 20.6],
			"rotation": {"angle": 45, "axis": "x", "origin": [14, 12, 21]},
			"faces": {
				"north": {"uv": [3, 3, 4.75, 4.75], "texture": "#0"},
				"east": {"uv": [0, 3, 3, 4.75], "texture": "#0"},
				"south": {"uv": [7.75, 3, 9.5, 4.75], "texture": "#0"},
				"west": {"uv": [4.75, 3, 7.75, 4.75], "texture": "#0"},
				"up": {"uv": [4.75, 3, 3, 0], "texture": "#0"},
				"down": {"uv": [6.5, 0, 4.75, 3], "texture": "#0"}
			}
		}
	],
	"gui_light": "front",
	"display": {
		"thirdperson_righthand": {
			"rotation": [-45, 0, 0],
			"translation": [0, 1, 1.5],
			"scale": [0.75, 0.75, 0.75]
		},
		"thirdperson_lefthand": {
			"rotation": [-45, 0, 0],
			"translation": [0, 1, 1.5],
			"scale": [0.75, 0.75, 0.75]
		},
		"firstperson_righthand": {
			"rotation": [-20, 0, 0],
			"translation": [5, -1, -2],
			"scale": [0.75, 0.75, 0.75]
		},
		"firstperson_lefthand": {
			"rotation": [-20, 0, 0],
			"translation": [5, -1, -2],
			"scale": [0.75, 0.75, 0.75]
		},
		"ground": {
			"translation": [0, 3.25, 0],
			"scale": [0.5, 0.5, 0.5]
		},
		"gui": {
			"rotation": [0, 90, 0],
			"translation": [-1.75, -1.75, 0],
			"scale": [0.8, 0.8, 0.8]
		},
		"head": {
			"rotation": [0, 90, 0],
			"translation": [-9.75, 2.25, 0]
		},
		"fixed": {
			"rotation": [0, -90, 0],
			"translation": [2, -2, 0]
		}
	},
	"groups": [
		{
			"name": "stormlander",
			"origin": [8, 8, 8],
			"children": [
				{
					"name": "stick",
					"origin": [8, 8, 8],
					"children": [0, 1, 2, 3, 4, 5, 6, 7, 8, 9, 10, 11, 12]
				},
				{
					"name": "head",
					"origin": [9, 15, 16],
					"children": [13]
				}
			]
		}
	]
}