{
	"texture_size": [128, 64],
	"textures": {
		"0": "entity/turtle/big_sea_turtle",
		"particle": "entity/turtle/big_sea_turtle"
	},
	"elements": [
		{
			"name": "shield",
			"from": [0, 0, 0],
			"to": [19, 20, 6],
			"rotation": {"angle": 0, "axis": "y", "origin": [9.5, 10, 3]},
			"faces": {
				"north": {"uv": [1.625, 10.75, 4, 15.75], "texture": "#0"},
				"east": {"uv": [1, 10.75, 1.75, 15.75], "texture": "#0"},
				"south": {"uv": [4.75, 10.75, 7.125, 15.75], "texture": "#0"},
				"west": {"uv": [4, 10.75, 4.75, 15.75], "texture": "#0"},
				"up": {"uv": [1.625, 9.25, 4, 10.75], "rotation": 180, "texture": "#0"},
				"down": {"uv": [4, 9.25, 6.375, 10.75], "texture": "#0"}
			}
		},
		{
			"name": "handle",
			"from": [8.5, 7, -5],
			"to": [10.5, 12, 0],
			"rotation": {"angle": 0, "axis": "y", "origin": [9.5, 9.5, -2.5]},
			"faces": {
				"north": {"uv": [9.5, 12.5, 10.125, 13], "rotation": 90, "texture": "#0"},
				"east": {"uv": [9.125, 9.25, 9.75, 10.5], "texture": "#0"},
				"west": {"uv": [9.125, 9.25, 9.75, 10.5], "texture": "#0"},
				"up": {"uv": [9.5, 12.5, 10.125, 13], "rotation": 90, "texture": "#0"},
				"down": {"uv": [9.5, 12.5, 10.125, 13], "rotation": 90, "texture": "#0"}
			}
		}
	],
	"display": {
		"thirdperson_righthand": {
			"rotation": [0, 90, 0],
			"translation": [10.5, -3.5, 5.75]
		},
		"thirdperson_lefthand": {
			"rotation": [0, 90, 0],
			"translation": [10.5, -3.5, 2.5]
		},
		"firstperson_righthand": {
			"rotation": [0, 180, 5],
			"translation": [5, -9, -11.5]
		},
		"firstperson_lefthand": {
			"rotation": [0, 180, 5],
			"translation": [5, -9, -11.5]
		},
		"gui": {
			"rotation": [17, -37, 0],
			"translation": [-2.5, -1.75, 0],
			"scale": [0.625, 0.625, 0.625]
		}
	}
}