{
	"overrides": [
		{
			"predicate": {
				"name": "/(?i)Dungeon Iron Axe/"
			},
			"model": "pintcraft:item/dungeon_iron_axe"
		},
		{
			"predicate": {
				"name": "/(?i)Double Axe/"
			},
			"model": "pintcraft:item/double_axe"
		},
		{
			"predicate": {
				"name": "/(?i)Firebrand/"
			},
			"model": "pintcraft:item/firebrand"
		},
		{
			"predicate": {
				"name": "/(?i)Great Hammer/"
			},
			"model": "pintcraft:item/great_hammer"
		},
		{
			"predicate": {
				"name": "/(?i)Dharok's Greataxe/"
			},
			"model": "pintcraft:item/dharoks_greataxe"
		},
		{
			"predicate": {
				"name": "/(?i)Ruby Tomahawk/"
			},
			"model": "pintcraft:item/ruby_tomahawk"
		},
		{
			"predicate": {
				"name": "/(?i)Stormlander/"
			},
			"model": "pintcraft:item/stormlander"
		}
	]
}