{
	"overrides": [
		{
			"predicate": {
				"name": "/(?i)Mountaineer Pick/"
			},
			"model": "pintcraft:item/mountaineer_pick"
		},
		{
			"predicate": {
				"name": "/(?i)Dungeon Diamond Pickaxe/"
			},
			"model": "pintcraft:item/dungeon_diamond_pickaxe"
		},
		{
			"predicate": {
				"name": "/(?i)whas poppin/"
			},
			"model": "pintcraft:item/whas_poppin"
		},
		{
			"predicate": {
				"name": "/(?i)Barrelchest Anchor/"
			},
			"model": "pintcraft:item/netherite_barrelchest_anchor"
		},
		{
			"predicate": {
				"name": "/(?i)Dragon Pickaxe/"
			},
			"model": "pintcraft:item/dragon_pickaxe"
		},
		{
			"predicate": {
				"name": "/(?i)The Monkey Motivator/"
			},
			"model": "pintcraft:item/the_monkey_motivator"
		}
	]
}