{
	"credit": "Made with Blockbench",
	"texture_size": [64, 64],
	"textures": {
		"0": "./dharoks_greataxe"
	},
	"elements": [
		{
			"from": [6.38836, 14.15258, 5.0601],
			"to": [8.72353, 15.02554, 5.93306],
			"rotation": {"angle": 0, "axis": "y", "origin": [7.93786, 10.66074, 7.6794]},
			"faces": {
				"north": {"uv": [8.25, 4, 9.5, 4.5], "texture": "#0"},
				"east": {"uv": [10.75, 0, 11.25, 0.5], "texture": "#0"},
				"south": {"uv": [8.25, 4.5, 9.5, 5], "texture": "#0"},
				"west": {"uv": [10.75, 0.5, 11.25, 1], "texture": "#0"},
				"up": {"uv": [8.25, 7.75, 9.5, 8.25], "texture": "#0"},
				"down": {"uv": [2, 8.75, 3.25, 9.25], "texture": "#0"}
			}
		},
		{
			"from": [4.46336, 14.87758, 5.06052],
			"to": [6.62353, 15.40054, 5.93348],
			"rotation": {"angle": -45, "axis": "z", "origin": [5.45594, 14.58906, 5.497]},
			"faces": {
				"north": {"uv": [10.75, 5.25, 11.75, 5.5], "texture": "#0"},
				"east": {"uv": [8.75, 3.25, 9.25, 3.5], "texture": "#0"},
				"south": {"uv": [10.75, 5.5, 11.75, 5.75], "texture": "#0"},
				"west": {"uv": [8.75, 7, 9.25, 7.25], "texture": "#0"},
				"up": {"uv": [9.25, 5.5, 10.25, 6], "texture": "#0"},
				"down": {"uv": [9.5, 8.75, 10.5, 9.25], "texture": "#0"}
			}
		},
		{
			"from": [2.63836, 14.02758, 5.0602],
			"to": [6.52353, 14.52554, 5.93316],
			"rotation": {"angle": 0, "axis": "y", "origin": [5.45594, 14.58906, 5.497]},
			"faces": {
				"north": {"uv": [2, 1.75, 4, 2], "texture": "#0"},
				"east": {"uv": [9.75, 8.5, 10.25, 8.75], "texture": "#0"},
				"south": {"uv": [9, 2.5, 11, 2.75], "texture": "#0"},
				"west": {"uv": [10.75, 5.75, 11.25, 6], "texture": "#0"},
				"up": {"uv": [5.75, 3.5, 7.75, 4], "texture": "#0"},
				"down": {"uv": [5.5, 6.25, 7.5, 6.75], "texture": "#0"}
			}
		},
		{
			"from": [2.61336, 15.15258, 5.0607],
			"to": [5.72353, 15.95054, 5.93366],
			"rotation": {"angle": 22.5, "axis": "z", "origin": [5.45594, 14.58906, 5.497]},
			"faces": {
				"north": {"uv": [7.25, 3, 8.75, 3.5], "texture": "#0"},
				"east": {"uv": [10.75, 7.5, 11.25, 8], "texture": "#0"},
				"south": {"uv": [7.75, 3.5, 9.25, 4], "texture": "#0"},
				"west": {"uv": [10.75, 8, 11.25, 8.5], "texture": "#0"},
				"up": {"uv": [7.75, 5.5, 9.25, 6], "texture": "#0"},
				"down": {"uv": [7.75, 7.25, 9.25, 7.75], "texture": "#0"}
			}
		},
		{
			"from": [2.16702, 14.01185, 5.06052],
			"to": [2.73998, 14.57202, 5.93348],
			"rotation": {"angle": -22.5, "axis": "z", "origin": [2.7035, 14.34194, 5.497]},
			"faces": {
				"north": {"uv": [5.5, 3.75, 5.75, 4], "texture": "#0"},
				"east": {"uv": [8, 11, 8.5, 11.25], "texture": "#0"},
				"south": {"uv": [7, 3.25, 7.25, 3.5], "texture": "#0"},
				"west": {"uv": [8.5, 11, 9, 11.25], "texture": "#0"},
				"up": {"uv": [9.25, 3.25, 9.5, 3.75], "texture": "#0"},
				"down": {"uv": [9.25, 7, 9.5, 7.5], "texture": "#0"}
			}
		},
		{
			"from": [3.80081, 14.19476, 5.0604],
			"to": [5.93598, 15.06772, 5.93336],
			"rotation": {"angle": 0, "axis": "y", "origin": [3.2184, 14.56874, 5.497]},
			"faces": {
				"north": {"uv": [8, 9.75, 9, 10.25], "texture": "#0"},
				"east": {"uv": [10.75, 9.25, 11.25, 9.75], "texture": "#0"},
				"south": {"uv": [9.75, 9.75, 10.75, 10.25], "texture": "#0"},
				"west": {"uv": [10.75, 9.75, 11.25, 10.25], "texture": "#0"},
				"up": {"uv": [9.75, 8, 10.75, 8.5], "texture": "#0"},
				"down": {"uv": [9.75, 9.25, 10.75, 9.75], "texture": "#0"}
			}
		},
		{
			"from": [5.20081, 15.01976, 5.06052],
			"to": [5.48598, 15.24272, 5.93348],
			"rotation": {"angle": 0, "axis": "y", "origin": [3.2184, 14.56874, 5.497]},
			"faces": {
				"north": {"uv": [7.5, 5.5, 7.75, 5.75], "texture": "#0"},
				"east": {"uv": [11, 6, 11.5, 6.25], "texture": "#0"},
				"south": {"uv": [8.5, 2.75, 8.75, 3], "texture": "#0"},
				"west": {"uv": [11, 6.25, 11.5, 6.5], "texture": "#0"},
				"up": {"uv": [11, 6.5, 11.25, 7], "texture": "#0"},
				"down": {"uv": [11, 7, 11.25, 7.5], "texture": "#0"}
			}
		},
		{
			"from": [5.38446, 13.47604, 5.0609],
			"to": [7.04308, 14.32718, 5.93386],
			"rotation": {"angle": -45, "axis": "z", "origin": [7.55594, 14.58906, 5.497]},
			"faces": {
				"north": {"uv": [10, 2, 10.75, 2.5], "texture": "#0"},
				"east": {"uv": [10.75, 1, 11.25, 1.5], "texture": "#0"},
				"south": {"uv": [10, 2.75, 10.75, 3.25], "texture": "#0"},
				"west": {"uv": [10.75, 1.5, 11.25, 2], "texture": "#0"},
				"up": {"uv": [10, 3.25, 10.75, 3.75], "texture": "#0"},
				"down": {"uv": [10, 3.75, 10.75, 4.25], "texture": "#0"}
			}
		},
		{
			"from": [5.27367, 14.37396, 5.0602],
			"to": [6.59939, 17.08014, 5.93316],
			"rotation": {"angle": -45, "axis": "z", "origin": [6.73034, 15.66158, 5.497]},
			"faces": {
				"north": {"uv": [6.5, 2, 7.25, 3.25], "texture": "#0"},
				"east": {"uv": [8.25, 6, 8.75, 7.25], "texture": "#0"},
				"south": {"uv": [6.5, 6.75, 7.25, 8], "texture": "#0"},
				"west": {"uv": [8.5, 1.5, 9, 2.75], "texture": "#0"},
				"up": {"uv": [3, 10, 3.75, 10.5], "texture": "#0"},
				"down": {"uv": [5.25, 10, 6, 10.5], "texture": "#0"}
			}
		},
		{
			"from": [6.70314, 16.5018, 5.06052],
			"to": [7.99475, 18.20408, 5.93348],
			"rotation": {"angle": -45, "axis": "z", "origin": [7.14499, 17.50571, 5.497]},
			"faces": {
				"north": {"uv": [7, 10, 7.5, 10.75], "texture": "#0"},
				"east": {"uv": [10, 6, 10.5, 6.75], "texture": "#0"},
				"south": {"uv": [10, 6.75, 10.5, 7.5], "texture": "#0"},
				"west": {"uv": [2, 10.25, 2.5, 11], "texture": "#0"},
				"up": {"uv": [10.75, 3.25, 11.25, 3.75], "texture": "#0"},
				"down": {"uv": [10.75, 3.75, 11.25, 4.25], "texture": "#0"}
			}
		},
		{
			"from": [7.23351, 18.1518, 5.0556],
			"to": [11.15647, 23.30408, 5.97221],
			"rotation": {"angle": -45, "axis": "z", "origin": [7.36999, 17.43071, 5.497]},
			"faces": {
				"north": {"uv": [0, 0, 2, 2.5], "texture": "#0"},
				"east": {"uv": [4.5, 5.75, 5, 8.25], "texture": "#0"},
				"south": {"uv": [2, 2, 4, 4.5], "texture": "#0"},
				"west": {"uv": [5, 5.75, 5.5, 8.25], "texture": "#0"},
				"up": {"uv": [6.25, 4, 8.25, 4.5], "texture": "#0"},
				"down": {"uv": [6.25, 4.5, 8.25, 5], "texture": "#0"}
			}
		},
		{
			"from": [11.0868, 19.7961, 5.055],
			"to": [11.93476, 23.12337, 5.97161],
			"rotation": {"angle": 22.5, "axis": "z", "origin": [11.24828, 20.88474, 5.51345]},
			"faces": {
				"north": {"uv": [0, 7, 0.5, 8.75], "texture": "#0"},
				"east": {"uv": [0.5, 7, 1, 8.75], "texture": "#0"},
				"south": {"uv": [1, 7, 1.5, 8.75], "texture": "#0"},
				"west": {"uv": [1.5, 7, 2, 8.75], "texture": "#0"},
				"up": {"uv": [0, 11, 0.5, 11.5], "texture": "#0"},
				"down": {"uv": [0.5, 11, 1, 11.5], "texture": "#0"}
			}
		},
		{
			"from": [11.9618, 20.1461, 5.05514],
			"to": [12.75976, 23.04837, 5.97175],
			"rotation": {"angle": 45, "axis": "z", "origin": [11.24828, 20.88474, 5.51345]},
			"faces": {
				"north": {"uv": [6.5, 8, 7, 9.5], "texture": "#0"},
				"east": {"uv": [8, 1.5, 8.5, 3], "texture": "#0"},
				"south": {"uv": [4, 8.25, 4.5, 9.75], "texture": "#0"},
				"west": {"uv": [4.5, 8.25, 5, 9.75], "texture": "#0"},
				"up": {"uv": [2, 11, 2.5, 11.5], "texture": "#0"},
				"down": {"uv": [2.5, 11, 3, 11.5], "texture": "#0"}
			}
		},
		{
			"from": [11.11151, 20.18419, 5.0549],
			"to": [12.08447, 23.48646, 5.97151],
			"rotation": {"angle": 45, "axis": "z", "origin": [11.88549, 22.12283, 5.51345]},
			"faces": {
				"north": {"uv": [2, 7, 2.5, 8.75], "texture": "#0"},
				"east": {"uv": [2.5, 7, 3, 8.75], "texture": "#0"},
				"south": {"uv": [3, 7, 3.5, 8.75], "texture": "#0"},
				"west": {"uv": [3.5, 7, 4, 8.75], "texture": "#0"},
				"up": {"uv": [1, 11, 1.5, 11.5], "texture": "#0"},
				"down": {"uv": [1.5, 11, 2, 11.5], "texture": "#0"}
			}
		},
		{
			"from": [8.23651, 17.03419, 5.0548],
			"to": [12.80947, 20.58646, 5.97141],
			"rotation": {"angle": 22.5, "axis": "z", "origin": [11.88549, 22.12283, 5.51345]},
			"faces": {
				"north": {"uv": [2, 0, 4.25, 1.75], "texture": "#0"},
				"east": {"uv": [7.25, 7.25, 7.75, 9], "texture": "#0"},
				"south": {"uv": [4, 4, 6.25, 5.75], "texture": "#0"},
				"west": {"uv": [7.75, 7.75, 8.25, 9.5], "texture": "#0"},
				"up": {"uv": [5.5, 5.75, 7.75, 6.25], "texture": "#0"},
				"down": {"uv": [5.75, 1.5, 8, 2], "texture": "#0"}
			}
		},
		{
			"from": [11.84299, 14.36812, 5.0558],
			"to": [15.16595, 18.32039, 5.97241],
			"rotation": {"angle": -22.5, "axis": "z", "origin": [13.59197, 19.24425, 5.51345]},
			"faces": {
				"north": {"uv": [0, 2.5, 1.75, 4.5], "texture": "#0"},
				"east": {"uv": [5.5, 6.75, 6, 8.75], "texture": "#0"},
				"south": {"uv": [4, 1.75, 5.75, 3.75], "texture": "#0"},
				"west": {"uv": [6, 6.75, 6.5, 8.75], "texture": "#0"},
				"up": {"uv": [6.25, 5, 8, 5.5], "texture": "#0"},
				"down": {"uv": [6.75, 0, 8.5, 0.5], "texture": "#0"}
			}
		},
		{
			"from": [11.86799, 13.36812, 5.0557],
			"to": [15.16595, 14.97039, 5.97231],
			"rotation": {"angle": -22.5, "axis": "z", "origin": [13.59197, 19.24425, 5.51345]},
			"faces": {
				"north": {"uv": [4.25, 0, 6, 0.75], "texture": "#0"},
				"east": {"uv": [2.5, 10.25, 3, 11], "texture": "#0"},
				"south": {"uv": [4.25, 0.75, 6, 1.5], "texture": "#0"},
				"west": {"uv": [8, 10.25, 8.5, 11], "texture": "#0"},
				"up": {"uv": [6.75, 0.5, 8.5, 1], "texture": "#0"},
				"down": {"uv": [6.75, 1, 8.5, 1.5], "texture": "#0"}
			}
		},
		{
			"from": [9.74657, 12.92867, 5.0554],
			"to": [12.89884, 13.37663, 5.97201],
			"rotation": {"angle": 22.5, "axis": "z", "origin": [12.0977, 12.82765, 5.51345]},
			"faces": {
				"north": {"uv": [4, 3.75, 5.5, 4], "texture": "#0"},
				"east": {"uv": [11, 11, 11.5, 11.25], "texture": "#0"},
				"south": {"uv": [4.25, 1.5, 5.75, 1.75], "texture": "#0"},
				"west": {"uv": [11, 2.5, 11.5, 2.75], "texture": "#0"},
				"up": {"uv": [8, 5, 9.5, 5.5], "texture": "#0"},
				"down": {"uv": [8.25, 8.25, 9.75, 8.75], "texture": "#0"}
			}
		},
		{
			"from": [10.42157, 12.92867, 5.0546],
			"to": [12.89884, 14.10163, 5.97121],
			"rotation": {"angle": 22.5, "axis": "z", "origin": [12.0977, 12.82765, 5.51345]},
			"faces": {
				"north": {"uv": [8.75, 6, 10, 6.5], "texture": "#0"},
				"east": {"uv": [6.25, 11, 6.75, 11.5], "texture": "#0"},
				"south": {"uv": [8.75, 6.5, 10, 7], "texture": "#0"},
				"west": {"uv": [7.5, 11, 8, 11.5], "texture": "#0"},
				"up": {"uv": [9, 0, 10.25, 0.5], "texture": "#0"},
				"down": {"uv": [9, 0.5, 10.25, 1], "texture": "#0"}
			}
		},
		{
			"from": [10.02157, 13.22867, 5.05514],
			"to": [10.59884, 13.70163, 5.97175],
			"rotation": {"angle": 22.5, "axis": "z", "origin": [12.0977, 12.82765, 5.51345]},
			"faces": {
				"north": {"uv": [9.25, 3.75, 9.5, 4], "texture": "#0"},
				"east": {"uv": [11, 8.5, 11.5, 8.75], "texture": "#0"},
				"south": {"uv": [9.25, 7.5, 9.5, 7.75], "texture": "#0"},
				"west": {"uv": [11, 8.75, 11.5, 9], "texture": "#0"},
				"up": {"uv": [11, 10.5, 11.25, 11], "texture": "#0"},
				"down": {"uv": [3.5, 11.25, 3.75, 11.75], "texture": "#0"}
			}
		},
		{
			"from": [9.99872, 11.25151, 5.05514],
			"to": [10.32168, 12.95379, 5.97175],
			"rotation": {"angle": -22.5, "axis": "z", "origin": [12.0977, 12.82765, 5.51345]},
			"faces": {
				"north": {"uv": [1.75, 3.75, 2, 4.5], "texture": "#0"},
				"east": {"uv": [8.5, 10.25, 9, 11], "texture": "#0"},
				"south": {"uv": [3, 9.25, 3.25, 10], "texture": "#0"},
				"west": {"uv": [9, 10.25, 9.5, 11], "texture": "#0"},
				"up": {"uv": [5.5, 11, 5.75, 11.5], "texture": "#0"},
				"down": {"uv": [6.75, 11, 7, 11.5], "texture": "#0"}
			}
		},
		{
			"from": [9.33716, 12.81976, 5.0553],
			"to": [10.96012, 15.84703, 5.97191],
			"rotation": {"angle": 45, "axis": "z", "origin": [10.56114, 15.0209, 5.51345]},
			"faces": {
				"north": {"uv": [5.75, 2, 6.5, 3.5], "texture": "#0"},
				"east": {"uv": [5, 8.25, 5.5, 9.75], "texture": "#0"},
				"south": {"uv": [6, 0, 6.75, 1.5], "texture": "#0"},
				"west": {"uv": [8.5, 0, 9, 1.5], "texture": "#0"},
				"up": {"uv": [10, 7.5, 10.75, 8], "texture": "#0"},
				"down": {"uv": [9.5, 10.25, 10.25, 10.75], "texture": "#0"}
			}
		},
		{
			"from": [9.94012, 14.83201, 5.0547],
			"to": [10.71308, 16.58428, 5.97131],
			"rotation": {"angle": -22.5, "axis": "z", "origin": [9.3391, 16.85814, 5.51345]},
			"faces": {
				"north": {"uv": [0, 10, 0.5, 11], "texture": "#0"},
				"east": {"uv": [0.5, 10, 1, 11], "texture": "#0"},
				"south": {"uv": [1, 10, 1.5, 11], "texture": "#0"},
				"west": {"uv": [1.5, 10, 2, 11], "texture": "#0"},
				"up": {"uv": [3, 11, 3.5, 11.5], "texture": "#0"},
				"down": {"uv": [5, 11, 5.5, 11.5], "texture": "#0"}
			}
		},
		{
			"from": [7.08831, 15.66557, 5.06052],
			"to": [9.86558, 17.4948, 5.93348],
			"rotation": {"angle": 45, "axis": "z", "origin": [9.14539, 15.48699, 5.497]},
			"faces": {
				"north": {"uv": [7.25, 2, 8, 3], "texture": "#0"},
				"east": {"uv": [2.5, 9.25, 3, 10.25], "texture": "#0"},
				"south": {"uv": [7.5, 6.25, 8.25, 7.25], "texture": "#0"},
				"west": {"uv": [9.25, 9.25, 9.75, 10.25], "texture": "#0"},
				"up": {"uv": [10, 4.25, 10.75, 4.75], "texture": "#0"},
				"down": {"uv": [10, 4.75, 10.75, 5.25], "texture": "#0"}
			}
		},
		{
			"from": [8.72633, 14.26484, 5.06052],
			"to": [9.35923, 16.25083, 5.93348],
			"rotation": {"angle": -22.5, "axis": "z", "origin": [9.14539, 15.66158, 5.497]},
			"faces": {
				"north": {"uv": [7, 8, 7.25, 9], "texture": "#0"},
				"east": {"uv": [6.5, 9.5, 7, 10.5], "texture": "#0"},
				"south": {"uv": [3.75, 8.75, 4, 9.75], "texture": "#0"},
				"west": {"uv": [7.5, 9.5, 8, 10.5], "texture": "#0"},
				"up": {"uv": [7.25, 6.75, 7.5, 7.25], "texture": "#0"},
				"down": {"uv": [7.5, 9, 7.75, 9.5], "texture": "#0"}
			}
		},
		{
			"from": [6.9, 7.9, 5],
			"to": [8.225, 13.125, 6],
			"rotation": {"angle": 0, "axis": "y", "origin": [8, 10.3, 8]},
			"faces": {
				"north": {"uv": [0, 4.5, 0.75, 7], "texture": "#0"},
				"east": {"uv": [1.5, 4.5, 2, 7], "texture": "#0"},
				"south": {"uv": [0.75, 4.5, 1.5, 7], "texture": "#0"},
				"west": {"uv": [2, 4.5, 2.5, 7], "texture": "#0"},
				"up": {"uv": [10, 1, 10.75, 1.5], "texture": "#0"},
				"down": {"uv": [10, 1.5, 10.75, 2], "texture": "#0"}
			}
		},
		{
			"from": [7.025, 2.7, 5],
			"to": [8.125, 7.925, 6],
			"rotation": {"angle": 0, "axis": "y", "origin": [8, 10.3, 8]},
			"faces": {
				"north": {"uv": [2.5, 4.5, 3, 7], "texture": "#0"},
				"east": {"uv": [3, 4.5, 3.5, 7], "texture": "#0"},
				"south": {"uv": [3.5, 4.5, 4, 7], "texture": "#0"},
				"west": {"uv": [4, 5.75, 4.5, 8.25], "texture": "#0"},
				"up": {"uv": [5.25, 10.5, 5.75, 11], "texture": "#0"},
				"down": {"uv": [6.5, 10.5, 7, 11], "texture": "#0"}
			}
		},
		{
			"from": [7.72962, 12.00944, 5.025],
			"to": [8.57962, 14.25944, 5.975],
			"rotation": {"angle": -22.5, "axis": "z", "origin": [8.82962, 13.60944, 5.55]},
			"faces": {
				"north": {"uv": [0, 8.75, 0.5, 10], "texture": "#0"},
				"east": {"uv": [0.5, 8.75, 1, 10], "texture": "#0"},
				"south": {"uv": [1, 8.75, 1.5, 10], "texture": "#0"},
				"west": {"uv": [1.5, 8.75, 2, 10], "texture": "#0"},
				"up": {"uv": [10.25, 0, 10.75, 0.5], "texture": "#0"},
				"down": {"uv": [10.25, 0.5, 10.75, 1], "texture": "#0"}
			}
		},
		{
			"from": [6.80604, 12.31206, 5.025],
			"to": [7.60604, 14.53706, 5.975],
			"rotation": {"angle": 22.5, "axis": "z", "origin": [7.10604, 12.99956, 5.5]},
			"faces": {
				"north": {"uv": [6, 8.75, 6.5, 9.75], "texture": "#0"},
				"east": {"uv": [7, 9, 7.5, 10], "texture": "#0"},
				"south": {"uv": [9, 1, 9.5, 2], "texture": "#0"},
				"west": {"uv": [2, 9.25, 2.5, 10.25], "texture": "#0"},
				"up": {"uv": [10.25, 5.5, 10.75, 6], "texture": "#0"},
				"down": {"uv": [3, 10.5, 3.5, 11], "texture": "#0"}
			}
		},
		{
			"from": [7.56, 2.036, 5.007],
			"to": [8.44, 3.18, 5.996],
			"rotation": {"angle": 45, "axis": "z", "origin": [7.604, 2.74, 5.478]},
			"faces": {
				"north": {"uv": [7.5, 10.5, 8, 11], "texture": "#0"},
				"east": {"uv": [10.5, 10.5, 11, 11], "texture": "#0"},
				"south": {"uv": [10.5, 6, 11, 6.5], "texture": "#0"},
				"west": {"uv": [10.5, 6.5, 11, 7], "texture": "#0"},
				"up": {"uv": [10.5, 7, 11, 7.5], "texture": "#0"},
				"down": {"uv": [10.5, 8.5, 11, 9], "texture": "#0"}
			}
		},
		{
			"from": [6.435, 2.57, 5.007],
			"to": [7.34, 3.664, 5.996],
			"rotation": {"angle": -45, "axis": "z", "origin": [6.79, 2.608, 5.489]},
			"faces": {
				"north": {"uv": [3.5, 10.75, 4, 11.25], "texture": "#0"},
				"east": {"uv": [4, 10.75, 4.5, 11.25], "texture": "#0"},
				"south": {"uv": [4.5, 10.75, 5, 11.25], "texture": "#0"},
				"west": {"uv": [5.75, 10.75, 6.25, 11.25], "texture": "#0"},
				"up": {"uv": [7, 10.75, 7.5, 11.25], "texture": "#0"},
				"down": {"uv": [9.5, 10.75, 10, 11.25], "texture": "#0"}
			}
		},
		{
			"from": [6.504, 2.102, 5.007],
			"to": [8.682, 2.828, 5.996],
			"rotation": {"angle": 0, "axis": "y", "origin": [7.604, 2.74, 5.478]},
			"faces": {
				"north": {"uv": [10.5, 9, 11.5, 9.25], "texture": "#0"},
				"east": {"uv": [6.5, 3.25, 7, 3.5], "texture": "#0"},
				"south": {"uv": [10.5, 10.25, 11.5, 10.5], "texture": "#0"},
				"west": {"uv": [7.75, 6, 8.25, 6.25], "texture": "#0"},
				"up": {"uv": [9, 2, 10, 2.5], "texture": "#0"},
				"down": {"uv": [8.25, 9.25, 9.25, 9.75], "texture": "#0"}
			}
		}
	],
	"gui_light": "front",
	"display": {
		"thirdperson_righthand": {
			"rotation": [-9.5, 91.25, 42.25],
			"translation": [2.5, 1, 2.75],
			"scale": [1.1, 1.26, 0.99]
		},
		"thirdperson_lefthand": {
			"rotation": [88.5, -86, 408.75],
			"translation": [-3.75, 0.75, 4.5],
			"scale": [1.45, 1.45, 1.45]
		},
		"firstperson_righthand": {
			"rotation": [-2.75, 85.75, 0],
			"translation": [1.5, 2, 3],
			"scale": [1.06, 1.13, 1.1]
		},
		"firstperson_lefthand": {
			"rotation": [-2.75, -95, 0],
			"translation": [-2.25, 2, 3],
			"scale": [1.06, 1.13, 1.1]
		},
		"ground": {
			"rotation": [87.5, 0, 80.25],
			"translation": [2.75, -5, 0],
			"scale": [1.28906, 1.4375, 1.4375]
		},
		"gui": {
			"rotation": [0, -175.5, -39.25],
			"translation": [3.25, -2, 0],
			"scale": [0.84375, 0.84375, 0.84375]
		},
		"fixed": {
			"translation": [0, -4, 0]
		}
	},
	"groups": [
		{
			"name": "Blade",
			"origin": [8, 8, 8],
			"children": [0, 1, 2, 3, 4, 5, 6, 7, 8, 9, 10, 11, 12, 13, 14, 15, 16, 17, 18, 19, 20, 21, 22, 23, 24]
		},
		{
			"name": "Handle",
			"origin": [8, 8, 8],
			"children": [25, 26, 27, 28, 29, 30, 31]
		}
	]
}