{
  "parent": "item/diamond_pickaxe",
	"textures": {
		"layer0": "./whas_poppin"
	},
	"gui_light": "front",
	"display": {
		"thirdperson_righthand": {
			"rotation": [55, -90, 55],
			"translation": [-0.25, 3.5, 1.5],
			"scale": [0.85, 0.85, 0.85]
		},
		"thirdperson_lefthand": {
			"rotation": [55, -90, 55],
			"translation": [-0.25, 3.5, 2.25],
			"scale": [0.85, 0.85, 0.85]
		},
		"firstperson_righthand": {
			"rotation": [0, -90, 25],
			"translation": [1.13, 3.2, 1.13],
			"scale": [0.68, 0.68, 0.68]
		},
		"firstperson_lefthand": {
			"rotation": [0, 90, -25],
			"translation": [1.13, 3.2, 1.13],
			"scale": [0.68, 0.68, 0.68]
		}
	}
}