{
	"texture_size": [64, 32],
	"textures": {
		"0": "./reality_vision"
	},
	"elements": [
		{
			"from": [0, 0, 0],
			"to": [7, 4, 2],
			"rotation": {"angle": 0, "axis": "y", "origin": [3.5, 2, 1]},
			"faces": {
				"north": {"uv": [0.5, 6.5, 2.25, 8.5], "rotation": 180, "texture": "#0"},
				"east": {"uv": [0, 6.5, 0.5, 8.5], "texture": "#0"},
				"south": {"uv": [2.75, 6.5, 4.5, 8.5], "rotation": 180, "texture": "#0"},
				"west": {"uv": [2.25, 6.5, 2.75, 8.5], "texture": "#0"},
				"up": {"uv": [0.5, 5.5, 2.25, 6.5], "texture": "#0"},
				"down": {"uv": [2.25, 5.5, 4, 6.5], "texture": "#0"}
			}
		},
		{
			"from": [-1, 1, 2],
			"to": [8, 3, 11],
			"rotation": {"angle": 0, "axis": "y", "origin": [3.5, 2, 6.5]},
			"faces": {
				"north": {"uv": [2.25, 4.5, 4.5, 5.5], "texture": "#0"},
				"east": {"uv": [0, 4.5, 2.25, 5.5], "texture": "#0"},
				"south": {"uv": [4.5, 4.5, 6.75, 5.5], "texture": "#0"},
				"west": {"uv": [6.75, 4.5, 9, 5.5], "texture": "#0"},
				"up": {"uv": [2.25, 0, 4.5, 4.5], "texture": "#0"},
				"down": {"uv": [4.5, 0, 6.75, 4.5], "texture": "#0"}
			}
		}
	],
	"display": {
		"thirdperson_righthand": {
			"translation": [2.5, 1.25, 1],
			"scale": [0.55, 0.55, 0.55]
		},
		"thirdperson_lefthand": {
			"translation": [-2.5, 1.25, 1],
			"scale": [0.55, 0.55, 0.55]
		},
		"firstperson_righthand": {
			"rotation": [0, 0, 5],
			"translation": [0, 7.5, 8.5],
			"scale": [0.68, 0.68, 0.68]
		},
		"firstperson_lefthand": {
			"rotation": [0, 0, 5],
			"translation": [-6, 7, 8.5],
			"scale": [0.68, 0.68, 0.68]
		},
		"gui": {
			"rotation": [30, 225, 0],
			"translation": [-4.5, 4, 0]
		},
		"head": {
			"translation": [7.5, 9.5, 2.5],
			"scale": [1.65, 1.65, 1.65]
		},
		"fixed": {
			"rotation": [-83.7, 0, 0],
			"translation": [9, 6.25, -14.75],
			"scale": [2, 2, 2]
		}
	}
}