{
    "parent": "minecraft:item/handheld",
    "textures": {
        "layer0": "./death_scythe"
    },
	"display": {
		"thirdperson_righthand": {
			"rotation": [18, 90, 24],
			"translation": [0.5, 10.5, 1],
			"scale": [2, 2, 1]
		},
		"thirdperson_lefthand": {
			"rotation": [18, -90, -24],
			"translation": [-0.5, 10.5, 1],
			"scale": [2, 2, 1]
		},
		"firstperson_righthand": {
			"rotation": [0, 90, 25],
			"translation": [1.13, 9.45, 1.13],
			"scale": [1.5, 1.5, 0.75]
		},
		"firstperson_lefthand": {
			"rotation": [0, -90, -25],
			"translation": [1.13, 9.45, 1.13],
			"scale": [1.5, 1.5, 0.75]
		},
		"gui": {
			"translation": [0.5, 2.5, 0]
		}
	}
}