{
	"credit": "Made with Blockbench",
	"textures": {
		"0": "./base",
		"1": "./handle",
		"particle": "./base"
	},
	"elements": [
		{
			"from": [6.5, 8, 7.5],
			"to": [9.5, 11, 10.5],
			"rotation": {"angle": 0, "axis": "y", "origin": [8, 8.5, 9]},
			"faces": {
				"north": {"uv": [6, 0, 12, 6], "texture": "#0"},
				"south": {"uv": [6, 0, 12, 6], "texture": "#0"},
				"up": {"uv": [0, 0, 6, 6], "texture": "#0"},
				"down": {"uv": [0, 0, 6, 6], "texture": "#0"}
			}
		},
		{
			"from": [7.1, 11, 8.2],
			"to": [8.9, 11.3, 10],
			"rotation": {"angle": 0, "axis": "y", "origin": [8, 11.5, 9]},
			"faces": {
				"north": {"uv": [3, 8, 5, 8], "texture": "#0"},
				"east": {"uv": [3, 7, 5, 7], "texture": "#0"},
				"south": {"uv": [3, 7, 5, 7], "texture": "#0"},
				"west": {"uv": [3, 8, 5, 8], "texture": "#0"},
				"up": {"uv": [3, 7, 5, 9], "texture": "#0"}
			}
		},
		{
			"from": [5.75, 7.95, 7.45],
			"to": [6.5, 11.05, 10.55],
			"rotation": {"angle": 0, "axis": "y", "origin": [6, 9.5, 9]},
			"faces": {
				"north": {"uv": [4, 6, 5, 9], "texture": "#0"},
				"east": {"uv": [0, 0, 4, 4], "texture": "#0"},
				"south": {"uv": [4, 6, 5, 9], "texture": "#0"},
				"up": {"uv": [4, 6, 5, 9], "texture": "#0"},
				"down": {"uv": [3, 6, 4, 9], "texture": "#0"}
			}
		},
		{
			"from": [9.5, 7.95, 7.45],
			"to": [10.25, 11.05, 10.55],
			"rotation": {"angle": 0, "axis": "y", "origin": [10, 9.5, 9]},
			"faces": {
				"north": {"uv": [3, 6, 4, 9], "texture": "#0"},
				"south": {"uv": [3, 6, 4, 9], "texture": "#0"},
				"west": {"uv": [0, 0, 4, 4], "texture": "#0"},
				"up": {"uv": [4, 6, 5, 9], "texture": "#0"},
				"down": {"uv": [4, 6, 5, 9], "texture": "#0"}
			}
		},
		{
			"from": [9.7, 10.3, 7.35],
			"to": [10.05, 10.65, 7.45],
			"rotation": {"angle": 0, "axis": "y", "origin": [9.875, 10.475, 7.4]},
			"faces": {
				"north": {"uv": [5, 7, 6, 8], "texture": "#0"},
				"east": {"uv": [5, 8, 6, 9], "texture": "#0"},
				"west": {"uv": [5, 7, 6, 8], "texture": "#0"},
				"up": {"uv": [5, 7, 6, 8], "texture": "#0"},
				"down": {"uv": [5, 6, 6, 7], "texture": "#0"}
			}
		},
		{
			"from": [9.7, 11.025, 8.825],
			"to": [10.05, 11.125, 9.175],
			"rotation": {"angle": 0, "axis": "x", "origin": [9.875, 11.075, 9]},
			"faces": {
				"north": {"uv": [5, 6, 6, 7], "rotation": 180, "texture": "#0"},
				"east": {"uv": [5, 6, 6, 7], "rotation": 270, "texture": "#0"},
				"south": {"uv": [5, 7, 6, 8], "texture": "#0"},
				"west": {"uv": [5, 8, 6, 9], "rotation": 90, "texture": "#0"},
				"up": {"uv": [5, 8, 6, 9], "rotation": 180, "texture": "#0"}
			}
		},
		{
			"from": [9.7, 7.875, 8.825],
			"to": [10.05, 7.975, 9.175],
			"rotation": {"angle": 0, "axis": "x", "origin": [9.875, 7.925, 9]},
			"faces": {
				"north": {"uv": [5, 8, 6, 9], "rotation": 180, "texture": "#0"},
				"east": {"uv": [5, 6, 6, 7], "rotation": 270, "texture": "#0"},
				"south": {"uv": [5, 6, 6, 7], "texture": "#0"},
				"west": {"uv": [5, 7, 6, 8], "rotation": 90, "texture": "#0"},
				"down": {"uv": [5, 7, 6, 8], "texture": "#0"}
			}
		},
		{
			"from": [5.95, 11.025, 8.825],
			"to": [6.3, 11.125, 9.175],
			"rotation": {"angle": 0, "axis": "x", "origin": [6.125, 11.075, 9]},
			"faces": {
				"north": {"uv": [5, 6, 6, 7], "rotation": 180, "texture": "#0"},
				"east": {"uv": [5, 6, 6, 7], "rotation": 270, "texture": "#0"},
				"south": {"uv": [5, 7, 6, 8], "texture": "#0"},
				"west": {"uv": [5, 8, 6, 9], "rotation": 90, "texture": "#0"},
				"up": {"uv": [5, 8, 6, 9], "rotation": 180, "texture": "#0"}
			}
		},
		{
			"from": [5.95, 7.875, 8.825],
			"to": [6.3, 7.975, 9.175],
			"rotation": {"angle": 0, "axis": "x", "origin": [6.125, 7.925, 9]},
			"faces": {
				"north": {"uv": [5, 8, 6, 9], "rotation": 180, "texture": "#0"},
				"east": {"uv": [5, 6, 6, 7], "rotation": 270, "texture": "#0"},
				"south": {"uv": [5, 6, 6, 7], "texture": "#0"},
				"west": {"uv": [5, 7, 6, 8], "rotation": 90, "texture": "#0"},
				"down": {"uv": [5, 6, 6, 7], "texture": "#0"}
			}
		},
		{
			"from": [9.7, 11.025, 9.825],
			"to": [10.05, 11.125, 10.175],
			"rotation": {"angle": 0, "axis": "x", "origin": [9.875, 11.075, 10]},
			"faces": {
				"north": {"uv": [5, 6, 6, 7], "rotation": 180, "texture": "#0"},
				"east": {"uv": [5, 6, 6, 7], "rotation": 270, "texture": "#0"},
				"south": {"uv": [5, 7, 6, 8], "texture": "#0"},
				"west": {"uv": [5, 8, 6, 9], "rotation": 90, "texture": "#0"},
				"up": {"uv": [5, 7, 6, 8], "rotation": 180, "texture": "#0"}
			}
		},
		{
			"from": [9.7, 7.875, 9.825],
			"to": [10.05, 7.975, 10.175],
			"rotation": {"angle": 0, "axis": "x", "origin": [9.875, 7.925, 10]},
			"faces": {
				"north": {"uv": [5, 8, 6, 9], "rotation": 180, "texture": "#0"},
				"east": {"uv": [5, 6, 6, 7], "rotation": 270, "texture": "#0"},
				"south": {"uv": [5, 6, 6, 7], "texture": "#0"},
				"west": {"uv": [5, 7, 6, 8], "rotation": 90, "texture": "#0"},
				"down": {"uv": [5, 7, 6, 8], "texture": "#0"}
			}
		},
		{
			"from": [5.95, 11.025, 9.825],
			"to": [6.3, 11.125, 10.175],
			"rotation": {"angle": 0, "axis": "x", "origin": [6.125, 11.075, 10]},
			"faces": {
				"north": {"uv": [5, 6, 6, 7], "rotation": 180, "texture": "#0"},
				"east": {"uv": [5, 6, 6, 7], "rotation": 270, "texture": "#0"},
				"south": {"uv": [5, 7, 6, 8], "texture": "#0"},
				"west": {"uv": [5, 8, 6, 9], "rotation": 90, "texture": "#0"},
				"up": {"uv": [5, 7, 6, 8], "rotation": 180, "texture": "#0"}
			}
		},
		{
			"from": [5.95, 7.875, 9.825],
			"to": [6.3, 7.975, 10.175],
			"rotation": {"angle": 0, "axis": "x", "origin": [6.125, 7.925, 10]},
			"faces": {
				"north": {"uv": [5, 8, 6, 9], "rotation": 180, "texture": "#0"},
				"east": {"uv": [5, 6, 6, 7], "rotation": 270, "texture": "#0"},
				"south": {"uv": [5, 6, 6, 7], "texture": "#0"},
				"west": {"uv": [5, 7, 6, 8], "rotation": 90, "texture": "#0"},
				"down": {"uv": [5, 6, 6, 7], "texture": "#0"}
			}
		},
		{
			"from": [9.7, 11.025, 7.825],
			"to": [10.05, 11.125, 8.175],
			"rotation": {"angle": 0, "axis": "x", "origin": [9.875, 11.075, 8]},
			"faces": {
				"north": {"uv": [5, 6, 6, 7], "rotation": 180, "texture": "#0"},
				"east": {"uv": [5, 6, 6, 7], "rotation": 270, "texture": "#0"},
				"south": {"uv": [5, 7, 6, 8], "texture": "#0"},
				"west": {"uv": [5, 8, 6, 9], "rotation": 90, "texture": "#0"},
				"up": {"uv": [5, 7, 6, 8], "rotation": 180, "texture": "#0"}
			}
		},
		{
			"from": [9.7, 7.875, 7.825],
			"to": [10.05, 7.975, 8.175],
			"rotation": {"angle": 0, "axis": "x", "origin": [9.875, 7.925, 8]},
			"faces": {
				"north": {"uv": [5, 8, 6, 9], "rotation": 180, "texture": "#0"},
				"east": {"uv": [5, 6, 6, 7], "rotation": 270, "texture": "#0"},
				"south": {"uv": [5, 6, 6, 7], "texture": "#0"},
				"west": {"uv": [5, 7, 6, 8], "rotation": 90, "texture": "#0"},
				"down": {"uv": [5, 6, 6, 7], "texture": "#0"}
			}
		},
		{
			"from": [5.95, 11.025, 7.825],
			"to": [6.3, 11.125, 8.175],
			"rotation": {"angle": 0, "axis": "x", "origin": [6.125, 11.075, 8]},
			"faces": {
				"north": {"uv": [5, 6, 6, 7], "rotation": 180, "texture": "#0"},
				"east": {"uv": [5, 6, 6, 7], "rotation": 270, "texture": "#0"},
				"south": {"uv": [5, 7, 6, 8], "texture": "#0"},
				"west": {"uv": [5, 8, 6, 9], "rotation": 90, "texture": "#0"},
				"up": {"uv": [5, 8, 6, 9], "rotation": 180, "texture": "#0"}
			}
		},
		{
			"from": [5.95, 7.875, 7.825],
			"to": [6.3, 7.975, 8.175],
			"rotation": {"angle": 0, "axis": "x", "origin": [6.125, 7.925, 8]},
			"faces": {
				"north": {"uv": [5, 8, 6, 9], "rotation": 180, "texture": "#0"},
				"east": {"uv": [5, 6, 6, 7], "rotation": 270, "texture": "#0"},
				"south": {"uv": [5, 6, 6, 7], "texture": "#0"},
				"west": {"uv": [5, 7, 6, 8], "rotation": 90, "texture": "#0"},
				"down": {"uv": [5, 6, 6, 7], "texture": "#0"}
			}
		},
		{
			"from": [9.7, 9.3, 7.35],
			"to": [10.05, 9.65, 7.45],
			"rotation": {"angle": 0, "axis": "y", "origin": [9.875, 9.475, 7.4]},
			"faces": {
				"north": {"uv": [5, 7, 6, 8], "texture": "#0"},
				"east": {"uv": [5, 8, 6, 9], "texture": "#0"},
				"west": {"uv": [5, 7, 6, 8], "texture": "#0"},
				"up": {"uv": [5, 7, 6, 8], "texture": "#0"},
				"down": {"uv": [5, 6, 6, 7], "texture": "#0"}
			}
		},
		{
			"from": [9.7, 8.3, 7.35],
			"to": [10.05, 8.65, 7.45],
			"rotation": {"angle": 0, "axis": "y", "origin": [9.875, 8.475, 7.4]},
			"faces": {
				"north": {"uv": [5, 7, 6, 8], "texture": "#0"},
				"east": {"uv": [5, 8, 6, 9], "texture": "#0"},
				"west": {"uv": [5, 7, 6, 8], "texture": "#0"},
				"up": {"uv": [5, 7, 6, 8], "texture": "#0"},
				"down": {"uv": [5, 6, 6, 7], "texture": "#0"}
			}
		},
		{
			"from": [9.7, 8.3, 10.55],
			"to": [10.05, 8.65, 10.65],
			"rotation": {"angle": 0, "axis": "y", "origin": [9.875, 8.475, 10.6]},
			"faces": {
				"east": {"uv": [5, 8, 6, 9], "texture": "#0"},
				"south": {"uv": [5, 8, 6, 9], "texture": "#0"},
				"west": {"uv": [5, 7, 6, 8], "texture": "#0"},
				"up": {"uv": [5, 7, 6, 8], "texture": "#0"},
				"down": {"uv": [5, 6, 6, 7], "texture": "#0"}
			}
		},
		{
			"from": [9.7, 9.3, 10.55],
			"to": [10.05, 9.65, 10.65],
			"rotation": {"angle": 0, "axis": "y", "origin": [9.875, 9.475, 10.6]},
			"faces": {
				"east": {"uv": [5, 8, 6, 9], "texture": "#0"},
				"south": {"uv": [5, 7, 6, 8], "texture": "#0"},
				"west": {"uv": [5, 7, 6, 8], "texture": "#0"},
				"up": {"uv": [5, 7, 6, 8], "texture": "#0"},
				"down": {"uv": [5, 6, 6, 7], "texture": "#0"}
			}
		},
		{
			"from": [9.7, 10.3, 10.55],
			"to": [10.05, 10.65, 10.65],
			"rotation": {"angle": 0, "axis": "y", "origin": [9.875, 10.475, 10.6]},
			"faces": {
				"east": {"uv": [5, 8, 6, 9], "texture": "#0"},
				"south": {"uv": [5, 7, 6, 8], "texture": "#0"},
				"west": {"uv": [5, 7, 6, 8], "texture": "#0"},
				"up": {"uv": [5, 7, 6, 8], "texture": "#0"},
				"down": {"uv": [5, 6, 6, 7], "texture": "#0"}
			}
		},
		{
			"from": [5.95, 8.3, 10.55],
			"to": [6.3, 8.65, 10.65],
			"rotation": {"angle": 0, "axis": "y", "origin": [6.125, 8.475, 10.6]},
			"faces": {
				"east": {"uv": [5, 8, 6, 9], "texture": "#0"},
				"south": {"uv": [5, 7, 6, 8], "texture": "#0"},
				"west": {"uv": [5, 7, 6, 8], "texture": "#0"},
				"up": {"uv": [5, 7, 6, 8], "texture": "#0"},
				"down": {"uv": [5, 6, 6, 7], "texture": "#0"}
			}
		},
		{
			"from": [5.95, 9.3, 10.55],
			"to": [6.3, 9.65, 10.65],
			"rotation": {"angle": 0, "axis": "y", "origin": [6.125, 9.475, 10.6]},
			"faces": {
				"east": {"uv": [5, 8, 6, 9], "texture": "#0"},
				"south": {"uv": [5, 8, 6, 9], "texture": "#0"},
				"west": {"uv": [5, 7, 6, 8], "texture": "#0"},
				"up": {"uv": [5, 7, 6, 8], "texture": "#0"},
				"down": {"uv": [5, 6, 6, 7], "texture": "#0"}
			}
		},
		{
			"from": [5.95, 10.3, 10.55],
			"to": [6.3, 10.65, 10.65],
			"rotation": {"angle": 0, "axis": "y", "origin": [6.125, 10.475, 10.6]},
			"faces": {
				"east": {"uv": [5, 8, 6, 9], "texture": "#0"},
				"south": {"uv": [5, 8, 6, 9], "texture": "#0"},
				"west": {"uv": [5, 7, 6, 8], "texture": "#0"},
				"up": {"uv": [5, 7, 6, 8], "texture": "#0"},
				"down": {"uv": [5, 6, 6, 7], "texture": "#0"}
			}
		},
		{
			"from": [5.95, 10.3, 7.35],
			"to": [6.3, 10.65, 7.45],
			"rotation": {"angle": 0, "axis": "y", "origin": [6.125, 10.475, 7.4]},
			"faces": {
				"north": {"uv": [5, 8, 6, 9], "texture": "#0"},
				"east": {"uv": [5, 8, 6, 9], "texture": "#0"},
				"west": {"uv": [5, 7, 6, 8], "texture": "#0"},
				"up": {"uv": [5, 7, 6, 8], "texture": "#0"},
				"down": {"uv": [5, 6, 6, 7], "texture": "#0"}
			}
		},
		{
			"from": [5.95, 9.3, 7.35],
			"to": [6.3, 9.65, 7.45],
			"rotation": {"angle": 0, "axis": "y", "origin": [6.125, 9.475, 7.4]},
			"faces": {
				"north": {"uv": [5, 6, 6, 7], "texture": "#0"},
				"east": {"uv": [5, 8, 6, 9], "texture": "#0"},
				"west": {"uv": [5, 7, 6, 8], "texture": "#0"},
				"up": {"uv": [5, 7, 6, 8], "texture": "#0"},
				"down": {"uv": [5, 6, 6, 7], "texture": "#0"}
			}
		},
		{
			"from": [5.95, 8.3, 7.35],
			"to": [6.3, 8.65, 7.45],
			"rotation": {"angle": 0, "axis": "y", "origin": [6.125, 8.475, 7.4]},
			"faces": {
				"north": {"uv": [5, 7, 6, 8], "texture": "#0"},
				"east": {"uv": [5, 8, 6, 9], "texture": "#0"},
				"west": {"uv": [5, 7, 6, 8], "texture": "#0"},
				"up": {"uv": [5, 7, 6, 8], "texture": "#0"},
				"down": {"uv": [5, 6, 6, 7], "texture": "#0"}
			}
		},
		{
			"from": [10.25, 7.75, 7.25],
			"to": [11.35, 11.25, 10.75],
			"rotation": {"angle": 0, "axis": "y", "origin": [10.75, 9.5, 9]},
			"faces": {
				"north": {"uv": [0, 0, 2, 4], "texture": "#0"},
				"east": {"uv": [0, 0, 5, 5], "texture": "#0"},
				"south": {"uv": [0, 0, 2, 5], "texture": "#0"},
				"west": {"uv": [0, 0, 5, 5], "texture": "#0"},
				"up": {"uv": [0, 0, 2, 5], "texture": "#0"},
				"down": {"uv": [0, 0, 2, 5], "texture": "#0"}
			}
		},
		{
			"from": [4.65, 7.75, 7.25],
			"to": [5.75, 11.25, 10.75],
			"rotation": {"angle": 0, "axis": "y", "origin": [5, 9.5, 9]},
			"faces": {
				"north": {"uv": [2, 1, 4, 5], "texture": "#0"},
				"east": {"uv": [0, 0, 5, 5], "texture": "#0"},
				"south": {"uv": [2, 2, 4, 6], "texture": "#0"},
				"west": {"uv": [0, 1, 5, 6], "texture": "#0"},
				"up": {"uv": [1, 2, 3, 6], "texture": "#0"},
				"down": {"uv": [1, 0, 3, 4], "texture": "#0"}
			}
		},
		{
			"from": [11.35, 8.1, 7.6],
			"to": [11.5, 10.9, 10.4],
			"rotation": {"angle": 0, "axis": "y", "origin": [11.85, 9.5, 9]},
			"faces": {
				"north": {"uv": [0, 6, 0, 9], "texture": "#0"},
				"east": {"uv": [0, 6, 3, 9], "texture": "#0"},
				"south": {"uv": [0, 6, 0, 9], "texture": "#0"},
				"up": {"uv": [2, 6, 2, 9], "texture": "#0"},
				"down": {"uv": [1, 6, 1, 9], "texture": "#0"}
			}
		},
		{
			"from": [4.45, 8.1, 7.6],
			"to": [4.7, 10.9, 10.4],
			"rotation": {"angle": 0, "axis": "y", "origin": [4.95, 9.5, 9]},
			"faces": {
				"north": {"uv": [0, 6, 0, 9], "texture": "#0"},
				"south": {"uv": [2, 6, 2, 9], "texture": "#0"},
				"west": {"uv": [0, 6, 3, 9], "rotation": 90, "texture": "#0"},
				"up": {"uv": [2, 6, 2, 9], "texture": "#0"},
				"down": {"uv": [1, 6, 1, 9], "texture": "#0"}
			}
		},
		{
			"from": [7.2, 7.1, 8.3],
			"to": [8.8, 8, 9.9],
			"rotation": {"angle": 0, "axis": "y", "origin": [8, 8.2, 9]},
			"faces": {
				"north": {"uv": [0, 0, 3, 2], "texture": "#1"},
				"east": {"uv": [0, 0, 3, 2], "texture": "#1"},
				"south": {"uv": [0, 0, 3, 2], "texture": "#1"},
				"west": {"uv": [0, 0, 3, 2], "texture": "#1"},
				"up": {"uv": [0, 0, 1.4, 1.4], "texture": "#missing"},
				"down": {"uv": [1, 0, 2, 1], "texture": "#1"}
			}
		},
		{
			"from": [7.3, 5.9, 8.4],
			"to": [8.7, 6.3, 9.8],
			"rotation": {"angle": 0, "axis": "y", "origin": [8, 6.5, 9]},
			"faces": {
				"north": {"uv": [5, 0, 7, 1], "texture": "#1"},
				"east": {"uv": [5, 0, 7, 1], "texture": "#1"},
				"south": {"uv": [5, 1, 7, 2], "texture": "#1"},
				"west": {"uv": [5, 2, 7, 3], "texture": "#1"},
				"up": {"uv": [5, 1, 7, 3], "texture": "#1"}
			}
		},
		{
			"from": [7.2, 5.89, 8.2],
			"to": [8.8, 5.89, 9.9],
			"rotation": {"angle": 0, "axis": "y", "origin": [8, 6.1, 9]},
			"faces": {
				"north": {"uv": [0, 0, 1.4, 0], "texture": "#missing"},
				"east": {"uv": [0, 0, 1.5, 0], "texture": "#missing"},
				"south": {"uv": [0, 0, 1.4, 0], "texture": "#missing"},
				"west": {"uv": [0, 0, 1.5, 0], "texture": "#missing"},
				"up": {"uv": [5, 2, 7, 4], "texture": "#1"},
				"down": {"uv": [5, 1, 7, 3], "texture": "#1"}
			}
		},
		{
			"from": [7.3, 2.3, 8.4],
			"to": [8.7, 2.7, 9.8],
			"rotation": {"angle": 0, "axis": "y", "origin": [8, 2.9, 9]},
			"faces": {
				"north": {"uv": [5, 0, 7, 1], "texture": "#1"},
				"east": {"uv": [7, 0, 9, 1], "texture": "#1"},
				"south": {"uv": [5, 3, 7, 4], "texture": "#1"},
				"west": {"uv": [7, 4, 9, 5], "texture": "#1"},
				"up": {"uv": [6, 1, 8, 3], "texture": "#1"},
				"down": {"uv": [7, 3, 9, 5], "texture": "#1"}
			}
		},
		{
			"from": [7.1, 2.71, 8.4],
			"to": [8.8, 2.71, 9.9],
			"rotation": {"angle": 0, "axis": "y", "origin": [8, 3.3, 9]},
			"faces": {
				"north": {"uv": [0, 0, 1.5, 0], "texture": "#missing"},
				"east": {"uv": [0, 0, 1.3, 0], "texture": "#missing"},
				"south": {"uv": [0, 0, 1.5, 0], "texture": "#missing"},
				"west": {"uv": [0, 0, 1.3, 0], "texture": "#missing"},
				"up": {"uv": [5, 0, 8, 2], "texture": "#1"},
				"down": {"uv": [5, 2, 8, 4], "texture": "#1"}
			}
		},
		{
			"from": [7.35, 6.6, 8.45],
			"to": [8.65, 7.1, 9.75],
			"rotation": {"angle": 0, "axis": "y", "origin": [8, 7.3, 9]},
			"faces": {
				"north": {"uv": [0, 2, 2, 3], "texture": "#1"},
				"east": {"uv": [0, 3, 2, 4], "texture": "#1"},
				"south": {"uv": [0, 3, 2, 4], "texture": "#1"},
				"west": {"uv": [0, 2, 2, 3], "texture": "#1"},
				"down": {"uv": [1, 2, 2, 3], "texture": "#1"}
			}
		},
		{
			"from": [7.3, 1.7, 8.4],
			"to": [8.7, 2, 9.8],
			"rotation": {"angle": 0, "axis": "y", "origin": [8, 2.2, 9]},
			"faces": {
				"north": {"uv": [9, 0, 11, 1], "texture": "#1"},
				"east": {"uv": [9, 1, 11, 2], "texture": "#1"},
				"south": {"uv": [9, 1, 11, 2], "texture": "#1"},
				"west": {"uv": [10, 2, 12, 3], "texture": "#1"},
				"up": {"uv": [9, 0, 11, 2], "texture": "#1"},
				"down": {"uv": [10, 1, 12, 3], "texture": "#1"}
			}
		},
		{
			"from": [7.25, 0.7, 8.35],
			"to": [8.75, 1, 9.85],
			"rotation": {"angle": 0, "axis": "y", "origin": [8, 1.2, 9]},
			"faces": {
				"north": {"uv": [9, 0, 11, 1], "texture": "#1"},
				"east": {"uv": [10, 2, 12, 3], "texture": "#1"},
				"south": {"uv": [9, 1, 11, 2], "texture": "#1"},
				"west": {"uv": [10, 1, 12, 2], "texture": "#1"},
				"up": {"uv": [10, 1, 12, 3], "texture": "#1"},
				"down": {"uv": [10, 0, 12, 2], "texture": "#1"}
			}
		},
		{
			"from": [7.5, 0.4, 8.6],
			"to": [8.5, 0.7, 9.6],
			"rotation": {"angle": 0, "axis": "y", "origin": [8, 0.9, 9]},
			"faces": {
				"north": {"uv": [12, 0, 14, 1], "texture": "#1"},
				"east": {"uv": [12, 1, 14, 2], "texture": "#1"},
				"south": {"uv": [12, 1, 14, 2], "texture": "#1"},
				"west": {"uv": [12, 0, 14, 1], "texture": "#1"},
				"down": {"uv": [12, 0, 14, 2], "texture": "#1"}
			}
		},
		{
			"from": [7.35, 1, 8.45],
			"to": [8.65, 1.7, 9.75],
			"rotation": {"angle": 0, "axis": "y", "origin": [8, 1.9, 9]},
			"faces": {
				"north": {"uv": [12, 2, 15, 5], "texture": "#1"},
				"east": {"uv": [12, 2, 15, 5], "texture": "#1"},
				"south": {"uv": [12, 2, 15, 5], "texture": "#1"},
				"west": {"uv": [15, 2, 12, 5], "texture": "#1"}
			}
		},
		{
			"from": [7.45, 6.3, 8.55],
			"to": [8.55, 6.6, 9.65],
			"rotation": {"angle": 0, "axis": "y", "origin": [8, 6.8, 9]},
			"faces": {
				"north": {"uv": [3, 0, 5, 1], "texture": "#1"},
				"east": {"uv": [3, 1, 5, 2], "texture": "#1"},
				"south": {"uv": [3, 2, 5, 3], "texture": "#1"},
				"west": {"uv": [3, 4, 5, 5], "texture": "#1"}
			}
		},
		{
			"from": [7.45, 2, 8.55],
			"to": [8.55, 2.3, 9.65],
			"rotation": {"angle": 0, "axis": "y", "origin": [8, 2.5, 9]},
			"faces": {
				"north": {"uv": [3, 0, 5, 1], "texture": "#1"},
				"east": {"uv": [3, 1, 5, 2], "texture": "#1"},
				"south": {"uv": [3, 4, 5, 5], "texture": "#1"},
				"west": {"uv": [3, 0, 5, 1], "texture": "#1"}
			}
		},
		{
			"from": [7.5, 2.7, 8.6],
			"to": [8.5, 5.9, 9.6],
			"rotation": {"angle": 0, "axis": "y", "origin": [8, 4.4, 9.1]},
			"faces": {
				"north": {"uv": [7, 0, 9, 7], "rotation": 180, "texture": "#1"},
				"east": {"uv": [9, 0, 7, 7], "texture": "#1"},
				"south": {"uv": [7, 0, 9, 7], "texture": "#1"},
				"west": {"uv": [7, 0, 9, 7], "texture": "#1"},
				"up": {"uv": [0, 0, 0.8, 0.8], "texture": "#missing"},
				"down": {"uv": [0, 0, 0.8, 0.8], "texture": "#missing"}
			}
		}
	],
	"display": {
		"thirdperson_righthand": {
			"rotation": [0, 90, 0],
			"translation": [-1.5, 3.25, 1.25],
			"scale": [1.4, 1.4, 1.4]
		},
		"thirdperson_lefthand": {
			"rotation": [0, -90, 0],
			"translation": [1.5, 3.25, 1.25],
			"scale": [1.4, 1.4, 1.4]
		},
		"firstperson_righthand": {
			"rotation": [0, -75, 0],
			"translation": [0.25, 2.5, 0],
			"scale": [1.4, 1.4, 1.4]
		},
		"firstperson_lefthand": {
			"rotation": [0, -75, 0],
			"translation": [0.25, 2.5, 0],
			"scale": [1.4, 1.4, 1.4]
		},
		"ground": {
			"rotation": [0, 0, 45],
			"translation": [0, 5, 0]
		},
		"gui": {
			"translation": [0, 2.75, 0],
			"scale": [1.35, 1.35, 1.35]
		},
		"head": {
			"rotation": [-42.25, 90, 0],
			"translation": [5.75, -24.25, -2.25],
			"scale": [1.7, 1.7, 1.7]
		},
		"fixed": {
			"translation": [0, 3.5, -1.5],
			"scale": [1.6, 1.6, 1.6]
		}
	},
	"groups": [
		{
			"name": "head",
			"origin": [8, 8, 8],
			"children": [0, 1, 2, 3, 4, 5, 6, 7, 8, 9, 10, 11, 12, 13, 14, 15, 16, 17, 18, 19, 20, 21, 22, 23, 24, 25, 26, 27, 28, 29, 30, 31]
		},
		{
			"name": "handle",
			"origin": [8, 8, 8],
			"children": [32, 33, 34, 35, 36, 37, 38, 39, 40, 41, 42, 43, 44]
		}
	]
}